Sector;Station;Site;Year;Season;Date_sample;Qc;Qcs;Lag;Qref;Cmaxy;Cmaxq;Cmax2m;Cmaxm;Cey;Ceq;Ce2m;Cem;Cny;Cnq;Cn2m;Cnm;Cfy;Cfq;Cf2m;Cfm;Cqy;Cqq;Cq2m;Cqm;Csmaxy;Csmaxq;Csmax2m;Csmaxm;Csey;Cseq;Cse2m;Csem;Csny;Csnq;Csn2m;Csnm;Csfy;Csfq;Csf2m;Csfm;Csqy;Csqq;Csq2m;Csqm
BE;BEAR;AM;2007;P;06.04.2007;982;322;2;BAL;0.25;0.25;0.25;0;0.25;0.25;0.25;0;1;1;1;0;0.5;1;1;0;6039.593;6039.593;6039.593;0;4.25;3.167;3.167;0;10.667;3.75;3.75;0;13;3;3;0;6.5;3;3;0;122767.698;48975.094;48975.094;0
BE;BEAR;AM;2007;E;20.07.2007;982;322;2;BAL;0.25;0.25;0;0;0.25;0.25;0;0;1;1;0;0;0.5;1;0;0;6039.593;6039.593;0;0;4.25;3.167;2.25;2.25;13.083;8.25;4.5;4.25;13;7;4;3;6.5;7;4;3;156231.774;105778.025;56802.931;54556.788
BE;BEAR;AM;2009;P;06.04.2009;982;322;2;BAL;0;0;0;0;0;0;0;0;0;0;0;0;0;0;0;0;0;0;0;0;2.083;1.458;0;0;5.25;3.167;0;0;6;5;0;0;3;2.5;0;0;68574;40564;0;0
BE;BEAR;AM;2009;E;22.07.2009;982;322;2;BAL;0;0;0;0;0;0;0;0;0;0;0;0;0;0;0;0;0;0;0;0;1.458;1.458;0;0;3.167;3.167;0;0;5;5;0;0;2.5;2.5;0;0;40564;40564;0;0
BE;BEAR;AM;2011;P;29.03.2011;982;322;2;BAL;0;0;0;0;0;0;0;0;0;0;0;0;0;0;0;0;0;0;0;0;2.958;2.958;0;0;4.333;3.083;0;0;4;3;0;0;2;1.5;0;0;48714;36032;0;0
BE;BEAR;AM;2011;E;18.07.2011;982;322;2;BAL;0;0;0;0;0;0;0;0;0;0;0;0;0;0;0;0;0;0;0;0;2.958;2.958;0;0;3.083;3.083;0;0;3;3;0;0;1.5;1.5;0;0;36032;36032;0;0
BE;BEAR;AM;2012;P;20.03.2012;982;322;2;BAL;0.917;0.917;0;0;1;1;0;0;2;2;0;0;1;1;0;0;25168.443;25168.443;0;0;9.875;9.875;4.75;0.667;67.333;62.708;22;4.708;64;60;30;11;32;30;30;11;814240.8927;769244.0797;231978.337;44680.277
BE;BEAR;AM;2012;E;28.06.2012;982;322;2;BAL;0.917;0.917;0;0;1;1;0;0;2;2;0;0;1;1;0;0;25168.443;25168.443;0;0;9.875;9.875;0.208;0.167;70;65.375;0.542;0.333;73;69;3;2;36.5;34.5;3;2;837451.2627;792454.4497;4879.721;2913.794
BE;BEAR;AM;2013;P;19.03.2013;982;322;2;BAL;0;0;0;0;0;0;0;0;0;0;0;0;0;0;0;0;0;0;0;0;14.167;14.167;5.25;0;35.875;32.958;6.458;0;28;18;3;0;14;9;3;0;398373.228;373076.282;66614.6;0
BE;BEAR;AM;2013;E;24.06.2013;982;322;2;BAL;0;0;0;0;0;0;0;0;0;0;0;0;0;0;0;0;0;0;0;0;14.167;14.167;0.833;0;35.292;35.042;0.875;0;24;23;2;0;12;11.5;2;0;392377.958;390291.382;7421.2;0
BE;BEAR;AM;2015;P;24.03.2015;982;322;2;BAL;NA;NA;NA;NA;NA;NA;NA;NA;NA;NA;NA;NA;NA;NA;NA;NA;NA;NA;NA;NA;NA;NA;NA;NA;NA;NA;NA;NA;NA;NA;NA;NA;NA;NA;NA;NA;NA;NA;NA;NA
BE;BEAR;AM;2015;E;08.07.2015;982;322;2;BAL;NA;NA;NA;NA;NA;NA;NA;NA;NA;NA;NA;NA;NA;NA;NA;NA;NA;NA;NA;NA;NA;NA;NA;NA;NA;NA;NA;NA;NA;NA;NA;NA;NA;NA;NA;NA;NA;NA;NA;NA
BE;BEAR;AM;2016;P;16.03.2016;982;322;2;BAL;0.833;0;0;0;0.917;0;0;0;2;0;0;0;1;0;0;0;29010.521;0;0;0;5.875;0.125;0.125;0;11.708;0.125;0.125;0;14;1;1;0;7;1;1;0;151124.562;1108.409;1108.409;0
BE;BEAR;AM;2016;E;29.06.2016;982;322;2;BAL;1.083;1.083;1.083;1.083;1.208;1.208;1.208;1.208;2;2;2;2;1;2;2;2;26727.035;26727.035;26727.035;26727.035;3.292;3.292;3.292;3.292;8.583;4.833;4.708;4.708;16;8;7;7;8;8;7;7;115508.982;76860.752;75752.343;75752.343
BE;BEAR;AVN;2007;P;06.04.2007;982;200;2;BAL;0.25;0.25;0.25;0;0.25;0.25;0.25;0;1;1;1;0;0.5;1;1;0;6039.593;6039.593;6039.593;0;4.5;4.5;4.5;0.375;25.292;5.708;5.708;0.375;32;5;5;1;16;5;5;1;205953.509;61042.829;61042.829;2163.769
BE;BEAR;AVN;2007;E;20.07.2007;982;200;2;BAL;0.25;0.25;0;0;0.25;0.25;0;0;1;1;0;0;0.5;1;0;0;6039.593;6039.593;0;0;4.5;4.5;4.375;4.375;32.083;17.375;11.25;9.708;34;15;8;3;17;15;8;3;266288.346;159225.103;95874.414;86524.615
BE;BEAR;AVN;2009;P;06.04.2009;982;200;2;BAL;0;0;0;0;0;0;0;0;0;0;0;0;0;0;0;0;0;0;0;0;2.333;2.125;0;0;8.625;6.083;0;0;13;10;0;0;6.5;5;0;0;87949;56916;0;0
BE;BEAR;AVN;2009;E;22.07.2009;982;200;2;BAL;0;0;0;0;0;0;0;0;0;0;0;0;0;0;0;0;0;0;0;0;2.125;2.125;0;0;6.083;6.083;0;0;10;10;0;0;5;5;0;0;56916;56916;0;0
BE;BEAR;AVN;2011;P;28.03.2011;982;200;2;BAL;0;0;0;0;0;0;0;0;0;0;0;0;0;0;0;0;0;0;0;0;4.083;4.083;0;0;8.417;4.833;0;0;9;3;0;0;4.5;1.5;0;0;74220.828;46777.828;0;0
BE;BEAR;AVN;2011;E;17.07.2011;982;200;2;BAL;0;0;0;0;0;0;0;0;0;0;0;0;0;0;0;0;0;0;0;0;4.083;4.083;0.25;0.25;6.083;5.083;0.25;0.25;7;4;1;1;3.5;2;1;1;54179.888;48219.888;1442.06;1442.06
BE;BEAR;AVN;2012;P;20.03.2012;982;200;2;BAL;0.917;0.917;0;0;1;1;0;0;2;2;0;0;1;1;0;0;25168.443;25168.443;0;0;17.75;17.75;8.125;1.875;101.167;92.333;34.375;10.042;73;56;26;15;36.5;28;26;15;1020781.667;951776.9757;309138.347;77237.55
BE;BEAR;AVN;2012;E;28.06.2012;982;200;2;BAL;0.917;0.917;0;0;1;1;0;0;2;2;0;0;1;1;0;0;25168.443;25168.443;0;0;17.75;17.75;1.333;1.333;110.792;102.208;1.75;1.333;87;71;2;1;43.5;35.5;2;1;1089087.834;1021525.203;12750.036;9457.433
BE;BEAR;AVN;2013;P;19.03.2013;982;200;2;BAL;0;0;0;0;0;0;0;0;0;0;0;0;0;0;0;0;0;0;0;0;15.708;15.708;9.667;0.5;76.417;61.833;15.542;2.417;77;47;20;10;38.5;23.5;20;10;643768.44;547545.338;120984.7;13858.6
BE;BEAR;AVN;2013;E;24.06.2013;982;200;2;BAL;0;0;0;0;0;0;0;0;0;0;0;0;0;0;0;0;0;0;0;0;15.708;15.708;0.875;0.417;75.75;71.042;3.042;0.708;86;71;9;5;43;35.5;9;5;631632.313;605157.438;19604.2;3843.3
BE;BEAR;AVN;2014;P;03.04.2014;982;200;2;BAL;0;0;0;0;0;0;0;0;0;0;0;0;0;0;0;0;0;0;0;0;4.667;4.667;0;0;34.375;17.375;0;0;0;0;0;0;0;0;0;0;0;0;0;0
BE;BEAR;AVN;2014;E;10.07.2014;982;200;2;BAL;0;0;0;0;0;0;0;0;0;0;0;0;0;0;0;0;0;0;0;0;4.667;4.667;0;0;27.917;17.375;0;0;0;0;0;0;0;0;0;0;0;0;0;0
BE;BEAR;AVN;2015;P;24.03.2015;982;200;2;BAL;NA;NA;NA;NA;NA;NA;NA;NA;NA;NA;NA;NA;NA;NA;NA;NA;NA;NA;NA;NA;NA;NA;NA;NA;NA;NA;NA;NA;NA;NA;NA;NA;NA;NA;NA;NA;NA;NA;NA;NA
BE;BEAR;AVN;2015;E;08.07.2015;982;200;2;BAL;NA;NA;NA;NA;NA;NA;NA;NA;NA;NA;NA;NA;NA;NA;NA;NA;NA;NA;NA;NA;NA;NA;NA;NA;NA;NA;NA;NA;NA;NA;NA;NA;NA;NA;NA;NA;NA;NA;NA;NA
BE;BEAR;AVN;2016;P;16.03.2016;982;200;2;BAL;0.833;0;0;0;0.917;0;0;0;2;0;0;0;1;0;0;0;29010.521;0;0;0;6.458;0.5;0.5;0;20.708;0.667;0.667;0;15;2;2;0;7.5;2;2;0;204996.19;4159.664;4159.664;0
BE;BEAR;AVN;2016;E;27.06.2016;982;200;2;BAL;1.083;1.083;1.083;1.083;1.208;1.208;1.208;1.208;2;2;2;2;1;2;2;2;26727.035;26727.035;26727.035;26727.035;5.375;5.375;5.375;5.375;20.625;12.25;11.5;11.5;25;20;16;16;12.5;20;16;16;179636.03;114171.104;109524.954;109524.954
BE;BEAR;AV;2007;P;06.04.2007;982;200;2;BAL;0.25;0.25;0.25;0;0.25;0.25;0.25;0;1;1;1;0;0.5;1;1;0;6039.593;6039.593;6039.593;0;4.5;4.5;4.5;0.375;25.292;5.708;5.708;0.375;32;5;5;1;16;5;5;1;205953.509;61042.829;61042.829;2163.769
BE;BEAR;AV;2007;E;20.07.2007;982;200;2;BAL;0.25;0.25;0;0;0.25;0.25;0;0;1;1;0;0;0.5;1;0;0;6039.593;6039.593;0;0;4.5;4.5;4.375;4.375;32.083;17.375;11.25;9.708;34;15;8;3;17;15;8;3;266288.346;159225.103;95874.414;86524.615
BE;BEAR;AV;2009;P;06.04.2009;982;200;2;BAL;0;0;0;0;0;0;0;0;0;0;0;0;0;0;0;0;0;0;0;0;2.333;2.125;0;0;8.625;6.083;0;0;13;10;0;0;6.5;5;0;0;87949;56916;0;0
BE;BEAR;AV;2009;E;22.07.2009;982;200;2;BAL;0;0;0;0;0;0;0;0;0;0;0;0;0;0;0;0;0;0;0;0;2.125;2.125;0;0;6.083;6.083;0;0;10;10;0;0;5;5;0;0;56916;56916;0;0
BE;BEAR;AV;2011;P;29.03.2011;982;200;2;BAL;0;0;0;0;0;0;0;0;0;0;0;0;0;0;0;0;0;0;0;0;4.083;4.083;0;0;8.417;4.833;0;0;9;3;0;0;4.5;1.5;0;0;74220.828;46777.828;0;0
BE;BEAR;AV;2011;E;17.07.2011;982;200;2;BAL;0;0;0;0;0;0;0;0;0;0;0;0;0;0;0;0;0;0;0;0;4.083;4.083;0.25;0.25;6.083;5.083;0.25;0.25;7;4;1;1;3.5;2;1;1;54179.888;48219.888;1442.06;1442.06
BE;BEAR;AV;2012;P;20.03.2012;982;200;2;BAL;0.917;0.917;0;0;1;1;0;0;2;2;0;0;1;1;0;0;25168.443;25168.443;0;0;17.75;17.75;8.125;1.875;101.167;92.333;34.375;10.042;73;56;26;15;36.5;28;26;15;1020781.667;951776.9757;309138.347;77237.55
BE;BEAR;AV;2012;E;28.06.2012;982;200;2;BAL;0.917;0.917;0;0;1;1;0;0;2;2;0;0;1;1;0;0;25168.443;25168.443;0;0;17.75;17.75;1.333;1.333;110.792;102.208;1.75;1.333;87;71;2;1;43.5;35.5;2;1;1089087.834;1021525.203;12750.036;9457.433
BE;BEAR;AV;2013;P;19.03.2013;982;200;2;BAL;0;0;0;0;0;0;0;0;0;0;0;0;0;0;0;0;0;0;0;0;15.708;15.708;9.667;0.5;76.417;61.833;15.542;2.417;77;47;20;10;38.5;23.5;20;10;643768.44;547545.338;120984.7;13858.6
BE;BEAR;AV;2013;E;24.06.2013;982;200;2;BAL;0;0;0;0;0;0;0;0;0;0;0;0;0;0;0;0;0;0;0;0;15.708;15.708;0.875;0.417;75.75;71.042;3.042;0.708;86;71;9;5;43;35.5;9;5;631632.313;605157.438;19604.2;3843.3
BE;BEAR;AV;2015;P;24.03.2015;982;200;2;BAL;NA;NA;NA;NA;NA;NA;NA;NA;NA;NA;NA;NA;NA;NA;NA;NA;NA;NA;NA;NA;NA;NA;NA;NA;NA;NA;NA;NA;NA;NA;NA;NA;NA;NA;NA;NA;NA;NA;NA;NA
BE;BEAR;AV;2015;E;08.07.2015;982;200;2;BAL;NA;NA;NA;NA;NA;NA;NA;NA;NA;NA;NA;NA;NA;NA;NA;NA;NA;NA;NA;NA;NA;NA;NA;NA;NA;NA;NA;NA;NA;NA;NA;NA;NA;NA;NA;NA;NA;NA;NA;NA
BE;BEAR;AV;2016;P;16.03.2016;982;200;2;BAL;0.833;0;0;0;0.917;0;0;0;2;0;0;0;1;0;0;0;29010.521;0;0;0;6.458;0.5;0.5;0;20.708;0.667;0.667;0;15;2;2;0;7.5;2;2;0;204996.19;4159.664;4159.664;0
BE;BEAR;AV;2016;E;27.06.2016;982;200;2;BAL;1.083;1.083;1.083;1.083;1.208;1.208;1.208;1.208;2;2;2;2;1;2;2;2;26727.035;26727.035;26727.035;26727.035;5.375;5.375;5.375;5.375;20.625;12.25;11.5;11.5;25;20;16;16;12.5;20;16;16;179636.03;114171.104;109524.954;109524.954
BE;CHAN;AM;2004;P;29.03.2004;433;NA;0;BRENS;0;0;0;0;0;0;0;0;0;0;0;0;0;0;0;0;0;0;0;0;0;0;0;0;0;0;0;0;0;0;0;0;0;0;0;0;0;0;0;0
BE;CHAN;AM;2004;E;20.07.2004;433;NA;0;BRENS;0;0;0;0;0;0;0;0;0;0;0;0;0;0;0;0;0;0;0;0;0;0;0;0;0;0;0;0;0;0;0;0;0;0;0;0;0;0;0;0
BE;CHAN;AM;2007;P;03.04.2007;433;NA;0;BRENS;20.042;17.292;17.292;11.042;186.5;36.833;37.167;18.5;118;20;21;10;59;20;21;10;2768415.002;606244.673;610208.676;292526.236;0;0;0;0;0;0;0;0;0;0;0;0;0;0;0;0;0;0;0;0
BE;CHAN;AM;2007;E;23.08.2007;433;NA;0;BRENS;86.583;86.583;60;30;181.792;136.417;60;30;92;39;1;1;46;39;1;1;2916867.895;2335469.9;1081386.558;478985.661;0;0;0;0;0;0;0;0;0;0;0;0;0;0;0;0;0;0;0;0
BE;CHAN;AM;2009;P;31.03.2009;433;NA;0;BRENS;24.708;10.292;1.875;0.917;166.75;44;16;9.583;132;70;30;17;66;35;30;17;2415898;569126;190901;117087;0;0;0;0;0;0;0;0;0;0;0;0;0;0;0;0;0;0;0;0
BE;CHAN;AM;2009;E;23.07.2009;433;NA;0;BRENS;16.542;10.292;5.833;2.542;141.333;100.75;34.917;15.75;167;144;39;24;83.5;72;39;24;1914261.14;1307604.14;461088.14;212178.14;0;0;0;0;0;0;0;0;0;0;0;0;0;0;0;0;0;0;0;0
BE;CHAN;AM;2011;P;30.03.2011;433;NA;0;BRENS;9.583;6.667;0.292;0.292;109.583;35.333;0.75;0.458;138;40;5;3;69;20;5;3;1577881.186;549795.186;8168.877;4975.633;0;0;0;0;0;0;0;0;0;0;0;0;0;0;0;0;0;0;0;0
BE;CHAN;AM;2011;E;17.07.2011;433;NA;0;BRENS;6.667;6.667;5;5;73.75;53.458;17.417;14.458;113;71;27;19;56.5;35.5;27;19;1047098.043;791603.043;233848.024;197159.05;0;0;0;0;0;0;0;0;0;0;0;0;0;0;0;0;0;0;0;0
BE;CHAN;AM;2012;P;22.03.2012;433;NA;0;BRENS;7.708;7.708;2.458;0.583;93.292;50.25;17.75;4.958;135;59;32;13;67.5;29.5;32;13;1321295.31;744777.928;222332.875;58248.704;0;0;0;0;0;0;0;0;0;0;0;0;0;0;0;0;0;0;0;0
BE;CHAN;AM;2012;E;11.09.2012;433;NA;0;BRENS;19.375;19.375;2.667;2.667;156.875;150.208;20.792;9.042;151;137;34;11;75.5;68.5;34;11;2221298.664;2144458.779;253449.234;102921.577;0;0;0;0;0;0;0;0;0;0;0;0;0;0;0;0;0;0;0;0
BE;CHAN;AM;2013;P;20.03.2013;433;NA;0;BRENS;19.375;18.083;11.292;1.708;193.958;89.708;31.708;11;147;62;27;17;73.5;31;27;17;2883568.396;1429883.177;446725.6;135276.3;0;0;0;0;0;0;0;0;0;0;0;0;0;0;0;0;0;0;0;0
BE;CHAN;AM;2015;P;26.03.2015;433;NA;0;BRENS;20.75;5.75;5;5;154.917;61.208;29.292;16.792;180;89;47;24;90;44.5;47;24;2199192.01;837706.126;391908.084;227657.543;0;0;0;0;0;0;0;0;0;0;0;0;0;0;0;0;0;0;0;0
BE;CHAN;AV;2004;P;29.03.2004;433;NA;0;BRENS;0;0;0;0;0;0;0;0;0;0;0;0;0;0;0;0;0;0;0;0;0;0;0;0;0;0;0;0;0;0;0;0;0;0;0;0;0;0;0;0
BE;CHAN;AV;2004;E;20.07.2004;433;NA;0;BRENS;0;0;0;0;0;0;0;0;0;0;0;0;0;0;0;0;0;0;0;0;0;0;0;0;0;0;0;0;0;0;0;0;0;0;0;0;0;0;0;0
BE;CHAN;AV;2007;P;28.03.2007;433;NA;0;BRENS;26.042;17.292;17.292;17.042;190.167;34.5;35.458;22.167;115;17;21;7;57.5;17;21;7;2902133.654;580471.049;591610.709;399862.134;0;0;0;0;0;0;0;0;0;0;0;0;0;0;0;0;0;0;0;0
BE;CHAN;AV;2007;E;20.07.2007;433;NA;0;BRENS;52.583;52.583;52.583;30;168.083;102.417;57.542;30;110;39;4;1;55;39;4;1;2638869.003;1787678.667;1073075.846;617240.513;0;0;0;0;0;0;0;0;0;0;0;0;0;0;0;0;0;0;0;0
BE;CHAN;AV;2009;P;31.03.2009;433;NA;0;BRENS;24.708;10.292;1.875;0.917;166.75;44;16;9.583;132;70;30;17;66;35;30;17;2415898;569126;190901;117087;0;0;0;0;0;0;0;0;0;0;0;0;0;0;0;0;0;0;0;0
BE;CHAN;AV;2009;E;22.07.2009;433;NA;0;BRENS;16.542;10.292;5.833;2.5;141.375;100.042;34.542;15.625;167;143;39;24;83.5;71.5;39;24;1914218.871;1298821.871;456512.871;210563.871;0;0;0;0;0;0;0;0;0;0;0;0;0;0;0;0;0;0;0;0
BE;CHAN;AV;2011;P;30.03.2011;433;NA;0;BRENS;9.583;6.667;0.292;0.292;109.583;35.333;0.75;0.458;138;40;5;3;69;20;5;3;1577881.186;549795.186;8168.877;4975.633;0;0;0;0;0;0;0;0;0;0;0;0;0;0;0;0;0;0;0;0
BE;CHAN;AV;2011;E;17.07.2011;433;NA;0;BRENS;6.667;6.667;5;5;73.75;53.458;17.417;14.458;113;71;27;19;56.5;35.5;27;19;1047098.043;791603.043;233848.024;197159.05;0;0;0;0;0;0;0;0;0;0;0;0;0;0;0;0;0;0;0;0
BE;CHAN;AV;2012;P;22.03.2012;433;NA;0;BRENS;7.708;7.708;2.458;0.583;93.292;50.25;17.75;4.958;135;59;32;13;67.5;29.5;32;13;1321295.31;744777.928;222332.875;58248.704;0;0;0;0;0;0;0;0;0;0;0;0;0;0;0;0;0;0;0;0
BE;CHAN;AV;2012;E;11.09.2012;433;NA;0;BRENS;19.375;19.375;2.667;2.667;156.875;150.208;20.792;9.042;151;137;34;11;75.5;68.5;34;11;2221298.664;2144458.779;253449.234;102921.577;0;0;0;0;0;0;0;0;0;0;0;0;0;0;0;0;0;0;0;0
BE;CHAN;AV;2013;P;20.03.2013;433;NA;0;BRENS;19.375;18.083;11.292;1.708;193.958;89.708;31.708;11;147;62;27;17;73.5;31;27;17;2883568.396;1429883.177;446725.6;135276.3;0;0;0;0;0;0;0;0;0;0;0;0;0;0;0;0;0;0;0;0
BE;CHAN;AV;2014;P;03.04.2014;433;NA;0;BRENS;45.208;11.667;11.667;2.083;252.417;73.75;41.333;18.042;133;53;34;24;66.5;26.5;34;24;4005042.415;1090768.515;597107.799;245698.763;0;0;0;0;0;0;0;0;0;0;0;0;0;0;0;0;0;0;0;0
BE;CHAN;AV;2015;P;26.03.2015;433;NA;0;BRENS;20.75;5.75;5;5;154.917;61.208;29.292;16.792;180;89;47;24;90;44.5;47;24;2199192.01;837706.126;391908.084;227657.543;0;0;0;0;0;0;0;0;0;0;0;0;0;0;0;0;0;0;0;0
BE;CHAN;AV;2015;E;07.07.2015;433;NA;0;BRENS;26.208;26.208;15.583;10.792;182.25;131.375;42.917;21.5;155;134;25;13;77.5;67;25;13;2844734.168;2012425.909;661043.853;291365.42;0;0;0;0;0;0;0;0;0;0;0;0;0;0;0;0;0;0;0;0
BE;CHAN;AV;2016;P;17.03.2016;433;NA;0;BRENS;26.208;12.458;12.458;8.417;182.167;65.583;47.333;24.333;125;31;19;8;62.5;15.5;19;8;2783577.555;1014242.851;710152.854;350182.127;0;0;0;0;0;0;0;0;0;0;0;0;0;0;0;0;0;0;0;0
BE;CHAN;AV;2016;E;28.06.2016;433;NA;0;BRENS;40.25;40.25;40.25;30;179.75;131.833;44.458;30;108;62;12;1;54;31;12;1;2773101.099;2157905.956;859488.782;649027.381;0;0;0;0;0;0;0;0;0;0;0;0;0;0;0;0;0;0;0;0
BE;ENIL;AM;2003;E;21.07.2003;229;NA;1;BAL;0;0;0;0;0;0;0;0;0;0;0;0;0;0;0;0;0;0;0;0;0;0;0;0;0;0;0;0;0;0;0;0;0;0;0;0;0;0;0;0
BE;ENIL;AM;2004;P;29.03.2004;229;NA;1;BAL;0;0;0;0;0;0;0;0;0;0;0;0;0;0;0;0;0;0;0;0;0;0;0;0;0;0;0;0;0;0;0;0;0;0;0;0;0;0;0;0
BE;ENIL;AM;2005;E;21.07.2005;0;NA;1;BAL;0;0;0;0;0;0;0;0;0;0;0;0;0;0;0;0;0;0;0;0;0;0;0;0;0;0;0;0;0;0;0;0;0;0;0;0;0;0;0;0
BE;ENIL;AM;2006;P;24.04.2006;0;NA;1;BAL;112.958;60.333;59.958;29.958;112.958;60.333;59.958;29.958;1;1;1;1;1;1;1;1;293530.016;217021.082;216557.87;149199.233;0;0;0;0;0;0;0;0;0;0;0;0;0;0;0;0;0;0;0;0
BE;ENIL;AM;2007;P;28.03.2007;0;NA;1;BAL;364.958;48.292;59.958;29.958;364.958;48.292;59.958;29.958;1;1;1;1;0.5;1;1;1;884394.015;155930.596;173146.839;117212.019;0;0;0;0;0;0;0;0;0;0;0;0;0;0;0;0;0;0;0;0
BE;ENIL;AM;2007;E;20.07.2007;0;NA;1;BAL;364.958;162.292;60;30;364.958;162.292;60;30;1;1;1;1;0.5;1;1;1;920489.461;492311.186;221891.84;140272.286;0;0;0;0;0;0;0;0;0;0;0;0;0;0;0;0;0;0;0;0
BE;ENIL;AM;2009;P;31.03.2009;0;NA;1;BAL;364.958;207.125;59.958;29.958;364.958;207.125;59.958;29.958;1;1;1;1;0.5;0.5;1;1;717846;388253;102124;56706;0;0;0;0;0;0;0;0;0;0;0;0;0;0;0;0;0;0;0;0
BE;ENIL;AM;2009;E;23.07.2009;0;NA;1;BAL;364.958;321.125;60;30;364.958;321.125;60;30;1;1;1;1;0.5;0.5;1;1;656285.107;580889.107;92695.107;43253.107;0;0;0;0;0;0;0;0;0;0;0;0;0;0;0;0;0;0;0;0
BE;ENIL;AM;2011;P;28.03.2011;0;NA;1;BAL;364.917;143.875;59.958;29.958;364.917;143.875;59.958;29.958;1;1;1;1;0.5;0.5;1;1;615596.152;243125.152;78744.253;46879.935;0;0;0;0;0;0;0;0;0;0;0;0;0;0;0;0;0;0;0;0
BE;ENIL;AM;2011;E;16.07.2011;0;NA;1;BAL;364.958;253.875;60;30;364.958;253.875;60;30;1;1;1;1;0.5;0.5;1;1;564577.905;424918.905;93205.43;46803.258;0;0;0;0;0;0;0;0;0;0;0;0;0;0;0;0;0;0;0;0
BE;ENIL;AM;2012;P;21.03.2012;0;NA;1;BAL;364.958;185.708;60;30;364.958;185.708;60;30;1;1;1;1;0.5;0.5;1;1;1574153.474;1211004.672;372692.276;126517.573;0;0;0;0;0;0;0;0;0;0;0;0;0;0;0;0;0;0;0;0
BE;ENIL;AM;2012;E;26.06.2012;0;NA;1;BAL;364.958;282.667;60;30;364.958;282.667;60;30;1;1;1;1;0.5;0.5;1;1;1656880.999;1458090.158;122215.063;57053.05;0;0;0;0;0;0;0;0;0;0;0;0;0;0;0;0;0;0;0;0
BE;ENIL;AM;2013;P;18.03.2013;0;NA;1;BAL;364.958;192.792;60;30;364.958;192.792;60;30;1;1;1;1;0.5;0.5;1;1;1241588.48;820010.388;232299;83352.1;0;0;0;0;0;0;0;0;0;0;0;0;0;0;0;0;0;0;0;0
BE;ENIL;AM;2013;E;27.06.2013;0;NA;1;BAL;364.958;293.75;60;30;364.958;293.75;60;30;1;1;1;1;0.5;0.5;1;1;1285435.734;1119819.188;152011.2;67539.1;0;0;0;0;0;0;0;0;0;0;0;0;0;0;0;0;0;0;0;0
BE;ENIL;AM;2015;P;25.03.2015;0;NA;1;BAL;NA;NA;NA;NA;NA;NA;NA;NA;NA;NA;NA;NA;NA;NA;NA;NA;NA;NA;NA;NA;NA;NA;NA;NA;NA;NA;NA;NA;NA;NA;NA;NA;NA;NA;NA;NA;NA;NA;NA;NA
BE;ENIL;AM;2015;E;08.07.2015;0;NA;1;BAL;NA;NA;NA;NA;NA;NA;NA;NA;NA;NA;NA;NA;NA;NA;NA;NA;NA;NA;NA;NA;NA;NA;NA;NA;NA;NA;NA;NA;NA;NA;NA;NA;NA;NA;NA;NA;NA;NA;NA;NA
BE;ENIL;AM;2016;P;18.03.2016;0;NA;1;BAL;364.417;50.417;60;30;364.417;50.417;60;30;1;1;1;1;0.5;1;1;1;848633.128;94122.565;108246.947;57869.144;0;0;0;0;0;0;0;0;0;0;0;0;0;0;0;0;0;0;0;0
BE;ENIL;AM;2016;E;28.06.2016;0;NA;1;BAL;364.958;152.375;60;30;364.958;152.375;60;30;1;1;1;1;0.5;1;1;1;835969.884;424864.92;228672.249;168696.094;0;0;0;0;0;0;0;0;0;0;0;0;0;0;0;0;0;0;0;0
BE;ENIL;AV;2007;P;28.03.2007;0;NA;1;BAL;364.958;48.292;59.958;29.958;364.958;48.292;59.958;29.958;1;1;1;1;0.5;1;1;1;884394.015;155930.596;173146.839;117212.019;0;0;0;0;0;0;0;0;0;0;0;0;0;0;0;0;0;0;0;0
BE;ENIL;AV;2007;E;20.07.2007;0;NA;1;BAL;364.958;162.292;60;30;364.958;162.292;60;30;1;1;1;1;0.5;1;1;1;920489.461;492311.186;221891.84;140272.286;0;0;0;0;0;0;0;0;0;0;0;0;0;0;0;0;0;0;0;0
BE;ENIL;AV;2009;P;31.03.2009;0;NA;1;BAL;364.958;207.125;59.958;29.958;364.958;207.125;59.958;29.958;1;1;1;1;0.5;0.5;1;1;717846;388253;102124;56706;0;0;0;0;0;0;0;0;0;0;0;0;0;0;0;0;0;0;0;0
BE;ENIL;AV;2009;E;23.07.2009;0;NA;1;BAL;364.958;321.125;60;30;364.958;321.125;60;30;1;1;1;1;0.5;0.5;1;1;656285.107;580889.107;92695.107;43253.107;0;0;0;0;0;0;0;0;0;0;0;0;0;0;0;0;0;0;0;0
BE;ENIL;AV;2011;P;28.03.2011;0;NA;1;BAL;364.917;143.875;59.958;29.958;364.917;143.875;59.958;29.958;1;1;1;1;0.5;0.5;1;1;615596.152;243125.152;78744.253;46879.935;0;0;0;0;0;0;0;0;0;0;0;0;0;0;0;0;0;0;0;0
BE;ENIL;AV;2011;E;16.07.2011;0;NA;1;BAL;364.958;253.875;60;30;364.958;253.875;60;30;1;1;1;1;0.5;0.5;1;1;564577.905;424918.905;93205.43;46803.258;0;0;0;0;0;0;0;0;0;0;0;0;0;0;0;0;0;0;0;0
BE;ENIL;AV;2012;P;21.03.2012;0;NA;1;BAL;364.958;185.708;60;30;364.958;185.708;60;30;1;1;1;1;0.5;0.5;1;1;1574153.474;1211004.672;372692.276;126517.573;0;0;0;0;0;0;0;0;0;0;0;0;0;0;0;0;0;0;0;0
BE;ENIL;AV;2012;E;29.06.2012;0;NA;1;BAL;364.958;285.667;60;30;364.958;285.667;60;30;1;1;1;1;0.5;0.5;1;1;1658368.597;1463827.038;120483.89;57314.575;0;0;0;0;0;0;0;0;0;0;0;0;0;0;0;0;0;0;0;0
BE;ENIL;AV;2013;P;18.03.2013;0;NA;1;BAL;364.958;192.792;60;30;364.958;192.792;60;30;1;1;1;1;0.5;0.5;1;1;1241588.48;820010.388;232299;83352.1;0;0;0;0;0;0;0;0;0;0;0;0;0;0;0;0;0;0;0;0
BE;ENIL;AV;2013;E;27.06.2013;0;NA;1;BAL;364.958;293.75;60;30;364.958;293.75;60;30;1;1;1;1;0.5;0.5;1;1;1285435.734;1119819.188;152011.2;67539.1;0;0;0;0;0;0;0;0;0;0;0;0;0;0;0;0;0;0;0;0
BE;ENIL;AV;2015;P;25.03.2015;0;NA;1;BAL;NA;NA;NA;NA;NA;NA;NA;NA;NA;NA;NA;NA;NA;NA;NA;NA;NA;NA;NA;NA;NA;NA;NA;NA;NA;NA;NA;NA;NA;NA;NA;NA;NA;NA;NA;NA;NA;NA;NA;NA
BE;ENIL;AV;2015;E;08.07.2015;0;NA;1;BAL;NA;NA;NA;NA;NA;NA;NA;NA;NA;NA;NA;NA;NA;NA;NA;NA;NA;NA;NA;NA;NA;NA;NA;NA;NA;NA;NA;NA;NA;NA;NA;NA;NA;NA;NA;NA;NA;NA;NA;NA
BE;ENIL;AV;2016;P;18.03.2016;0;NA;1;BAL;364.417;50.417;60;30;364.417;50.417;60;30;1;1;1;1;0.5;1;1;1;848633.128;94122.565;108246.947;57869.144;0;0;0;0;0;0;0;0;0;0;0;0;0;0;0;0;0;0;0;0
BE;ENIL;AV;2016;E;28.06.2016;0;NA;1;BAL;364.958;152.375;60;30;364.958;152.375;60;30;1;1;1;1;0.5;1;1;1;835969.884;424864.92;228672.249;168696.094;0;0;0;0;0;0;0;0;0;0;0;0;0;0;0;0;0;0;0;0
BE;ENIL;AVN;2007;P;28.03.2007;0;NA;1;BAL;364.958;48.292;59.958;29.958;364.958;48.292;59.958;29.958;1;1;1;1;0.5;1;1;1;884394.015;155930.596;173146.839;117212.019;0;0;0;0;0;0;0;0;0;0;0;0;0;0;0;0;0;0;0;0
BE;ENIL;AVN;2007;E;20.07.2007;0;NA;1;BAL;364.958;162.292;60;30;364.958;162.292;60;30;1;1;1;1;0.5;1;1;1;920489.461;492311.186;221891.84;140272.286;0;0;0;0;0;0;0;0;0;0;0;0;0;0;0;0;0;0;0;0
BE;ENIL;AVN;2009;P;31.03.2009;0;NA;1;BAL;364.958;207.125;59.958;29.958;364.958;207.125;59.958;29.958;1;1;1;1;0.5;0.5;1;1;717846;388253;102124;56706;0;0;0;0;0;0;0;0;0;0;0;0;0;0;0;0;0;0;0;0
BE;ENIL;AVN;2009;E;23.07.2009;0;NA;1;BAL;364.958;321.125;60;30;364.958;321.125;60;30;1;1;1;1;0.5;0.5;1;1;656285.107;580889.107;92695.107;43253.107;0;0;0;0;0;0;0;0;0;0;0;0;0;0;0;0;0;0;0;0
BE;ENIL;AVN;2011;P;28.03.2011;0;NA;1;BAL;364.917;143.875;59.958;29.958;364.917;143.875;59.958;29.958;1;1;1;1;0.5;0.5;1;1;615596.152;243125.152;78744.253;46879.935;0;0;0;0;0;0;0;0;0;0;0;0;0;0;0;0;0;0;0;0
BE;ENIL;AVN;2011;E;16.07.2011;0;NA;1;BAL;364.958;253.875;60;30;364.958;253.875;60;30;1;1;1;1;0.5;0.5;1;1;564577.905;424918.905;93205.43;46803.258;0;0;0;0;0;0;0;0;0;0;0;0;0;0;0;0;0;0;0;0
BE;ENIL;AVN;2012;P;21.03.2012;0;NA;1;BAL;364.958;185.708;60;30;364.958;185.708;60;30;1;1;1;1;0.5;0.5;1;1;1574153.474;1211004.672;372692.276;126517.573;0;0;0;0;0;0;0;0;0;0;0;0;0;0;0;0;0;0;0;0
BE;ENIL;AVN;2012;E;29.06.2012;0;NA;1;BAL;364.958;285.667;60;30;364.958;285.667;60;30;1;1;1;1;0.5;0.5;1;1;1658368.597;1463827.038;120483.89;57314.575;0;0;0;0;0;0;0;0;0;0;0;0;0;0;0;0;0;0;0;0
BE;ENIL;AVN;2013;P;18.03.2013;0;NA;1;BAL;364.958;192.792;60;30;364.958;192.792;60;30;1;1;1;1;0.5;0.5;1;1;1241588.48;820010.388;232299;83352.1;0;0;0;0;0;0;0;0;0;0;0;0;0;0;0;0;0;0;0;0
BE;ENIL;AVN;2013;E;27.06.2013;0;NA;1;BAL;364.958;293.75;60;30;364.958;293.75;60;30;1;1;1;1;0.5;0.5;1;1;1285435.734;1119819.188;152011.2;67539.1;0;0;0;0;0;0;0;0;0;0;0;0;0;0;0;0;0;0;0;0
BE;ENIL;AVN;2015;P;25.03.2015;0;NA;1;BAL;NA;NA;NA;NA;NA;NA;NA;NA;NA;NA;NA;NA;NA;NA;NA;NA;NA;NA;NA;NA;NA;NA;NA;NA;NA;NA;NA;NA;NA;NA;NA;NA;NA;NA;NA;NA;NA;NA;NA;NA
BE;ENIL;AVN;2015;E;08.07.2015;0;NA;1;BAL;NA;NA;NA;NA;NA;NA;NA;NA;NA;NA;NA;NA;NA;NA;NA;NA;NA;NA;NA;NA;NA;NA;NA;NA;NA;NA;NA;NA;NA;NA;NA;NA;NA;NA;NA;NA;NA;NA;NA;NA
BE;ENIL;AVN;2016;P;18.03.2016;0;NA;1;BAL;364.417;50.417;60;30;364.417;50.417;60;30;1;1;1;1;0.5;1;1;1;848633.128;94122.565;108246.947;57869.144;0;0;0;0;0;0;0;0;0;0;0;0;0;0;0;0;0;0;0;0
BE;ENIL;AVN;2016;E;28.06.2016;0;NA;1;BAL;364.958;152.375;60;30;364.958;152.375;60;30;1;1;1;1;0.5;1;1;1;835969.884;424864.92;228672.249;168696.094;0;0;0;0;0;0;0;0;0;0;0;0;0;0;0;0;0;0;0;0
BE;FOUR;AM;2003;E;22.07.2003;207;NA;2;BAL;0;0;0;0;0;0;0;0;0;0;0;0;0;0;0;0;0;0;0;0;0;0;0;0;0;0;0;0;0;0;0;0;0;0;0;0;0;0;0;0
BE;FOUR;AM;2004;P;01.04.2004;207;NA;2;BAL;0;0;0;0;0;0;0;0;0;0;0;0;0;0;0;0;0;0;0;0;0;0;0;0;0;0;0;0;0;0;0;0;0;0;0;0;0;0;0;0
BE;FOUR;AM;2007;P;05.04.2007;167;NA;2;BAL;4.708;4.708;4.708;0.833;32.125;7.542;7.542;1.667;40;6;6;3;20;6;6;3;237459.876;68716.274;68716.274;9791.833;0;0;0;0;0;0;0;0;0;0;0;0;0;0;0;0;0;0;0;0
BE;FOUR;AM;2007;E;23.08.2007;167;NA;2;BAL;9.458;9.458;9.458;2.5;44.875;28.25;14.75;5.292;42;21;6;5;21;21;6;5;331672.055;216857.836;118399.013;35170.538;0;0;0;0;0;0;0;0;0;0;0;0;0;0;0;0;0;0;0;0
BE;FOUR;AM;2009;P;06.04.2009;167;NA;2;BAL;2.5;2.458;0;0;10.333;7.292;0;0;16;11;0;0;8;5.5;0;0;95583;62397;0;0;0;0;0;0;0;0;0;0;0;0;0;0;0;0;0;0;0;0;0;0
BE;FOUR;AM;2009;E;24.07.2009;167;NA;2;BAL;2.458;2.458;0;0;7.333;7.292;0;0;13;11;0;0;6.5;5.5;0;0;62566;62397;0;0;0;0;0;0;0;0;0;0;0;0;0;0;0;0;0;0;0;0;0;0
BE;FOUR;AM;2011;P;28.03.2011;167;NA;2;BAL;4.167;4.167;0;0;9.25;5.042;0;0;10;3;0;0;5;1.5;0;0;78227.686;48487.686;0;0;0;0;0;0;0;0;0;0;0;0;0;0;0;0;0;0;0;0;0;0
BE;FOUR;AM;2011;E;16.07.2011;167;NA;2;BAL;4.167;4.167;0.333;0.333;6.542;5.375;0.333;0.333;7;4;1;1;3.5;2;1;1;56979.747;50291.747;1804.061;1804.061;0;0;0;0;0;0;0;0;0;0;0;0;0;0;0;0;0;0;0;0
BE;FOUR;AM;2012;P;22.03.2012;167;NA;2;BAL;34.458;34.458;6.333;2.833;116.083;103.875;36.125;11.875;79;56;24;14;39.5;28;24;14;1088499.32;1004585.033;305496.358;83021.767;0;0;0;0;0;0;0;0;0;0;0;0;0;0;0;0;0;0;0;0
BE;FOUR;AM;2012;E;29.06.2012;167;NA;2;BAL;34.458;34.458;1.333;1.333;127.292;115.417;1.875;1.333;97;75;3;1;48.5;37.5;3;1;1163718.128;1081607.902;13285.564;9457.433;0;0;0;0;0;0;0;0;0;0;0;0;0;0;0;0;0;0;0;0
BE;FOUR;AM;2013;P;20.03.2013;167;NA;2;BAL;15.75;15.75;9.708;1.333;92.875;74.167;21.958;6.083;96;59;27;13;48;29.5;27;13;716589.401;602491.006;148136;28511;0;0;0;0;0;0;0;0;0;0;0;0;0;0;0;0;0;0;0;0
BE;FOUR;AM;2013;E;26.06.2013;167;NA;2;BAL;15.75;15.75;1.125;0.458;95.208;88.167;3.417;0.958;106;89;10;5;53;44.5;10;5;718481.515;681959.106;17905.3;4920.3;0;0;0;0;0;0;0;0;0;0;0;0;0;0;0;0;0;0;0;0
BE;FOUR;AM;2015;P;25.03.2015;167;NA;2;BAL;NA;NA;NA;NA;NA;NA;NA;NA;NA;NA;NA;NA;NA;NA;NA;NA;NA;NA;NA;NA;NA;NA;NA;NA;NA;NA;NA;NA;NA;NA;NA;NA;NA;NA;NA;NA;NA;NA;NA;NA
BE;FOUR;AM;2015;E;09.07.2015;167;NA;2;BAL;NA;NA;NA;NA;NA;NA;NA;NA;NA;NA;NA;NA;NA;NA;NA;NA;NA;NA;NA;NA;NA;NA;NA;NA;NA;NA;NA;NA;NA;NA;NA;NA;NA;NA;NA;NA;NA;NA;NA;NA
BE;FOUR;AM;2016;P;18.03.2016;167;NA;2;BAL;8;0.542;0.542;0;22.375;0.792;0.792;0;22;2;2;0;11;2;2;0;213692.562;4687.28;4687.28;0;0;0;0;0;0;0;0;0;0;0;0;0;0;0;0;0;0;0;0;0
BE;FOUR;AM;2016;E;27.06.2016;167;NA;2;BAL;10.375;10.375;10.375;10.375;26;17.25;15.792;15.75;27;19;14;13;13.5;19;14;13;203897.451;136244.896;129047.682;128872.908;0;0;0;0;0;0;0;0;0;0;0;0;0;0;0;0;0;0;0;0
BE;FOUR;AV;2003;E;22.07.2003;207;C;2;BAL;0;0;0;0;0;0;0;0;0;0;0;0;0;0;0;0;0;0;0;0;0;0;0;0;0;0;0;0;0;0;0;0;0;0;0;0;0;0;0;0
BE;FOUR;AV;2004;P;01.04.2004;207;C;2;BAL;0;0;0;0;0;0;0;0;0;0;0;0;0;0;0;0;0;0;0;0;0;0;0;0;0;0;0;0;0;0;0;0;0;0;0;0;0;0;0;0
BE;FOUR;AV;2007;P;05.04.2007;167;C;2;BAL;4.708;4.708;4.708;0.833;32.125;7.542;7.542;1.667;40;6;6;3;20;6;6;3;237459.876;68716.274;68716.274;9791.833;3.667;2.708;2.708;2.125;251.083;38.667;41.375;20.542;369;55;59;27;184.5;55;59;27;21823.162;4002.271;4093.212;1491.023
BE;FOUR;AV;2007;E;23.08.2007;167;C;2;BAL;9.458;9.458;9.458;2.5;44.875;28.25;14.75;5.292;42;21;6;5;21;21;6;5;331672.055;216857.836;118399.013;35170.538;3.375;3.375;3.375;3.375;254.042;135.958;42.708;21.375;351;188;52;28;175.5;188;52;28;22341.331;12866.916;5156.847;2505.744
BE;FOUR;AV;2009;P;06.04.2009;167;C;2;BAL;2.5;2.458;0;0;10.333;7.292;0;0;16;11;0;0;8;5.5;0;0;95583;62397;0;0;4.083;2.542;2.292;2.292;212.417;111.042;31.417;16.542;434;274;72;31;217;137;72;31;17160;9054;1867;931
BE;FOUR;AV;2009;E;24.07.2009;167;C;2;BAL;2.458;2.458;0;0;7.333;7.292;0;0;13;11;0;0;6.5;5.5;0;0;62566;62397;0;0;3.542;2.833;2.833;2.833;212.5;183.958;42.917;21.542;431;386;61;30;215.5;193;61;30;17026.333;15170.333;4000.333;2202.333
BE;FOUR;AV;2011;P;28.03.2011;167;C;2;BAL;4.167;4.167;0;0;9.25;5.042;0;0;10;3;0;0;5;1.5;0;0;78227.686;48487.686;0;0;3.083;2.5;1.542;1.208;209.458;84;34.292;16.417;432;169;66;32;216;84.5;66;32;17157.626;6321.626;1098.515;357.427
BE;FOUR;AV;2011;E;16.07.2011;167;C;2;BAL;4.167;4.167;0.333;0.333;6.542;5.375;0.333;0.333;7;4;1;1;3.5;2;1;1;56979.747;50291.747;1804.061;1804.061;3.083;2.5;1.833;1.833;206.417;148.75;35.583;18.917;440;300;71;34;220;150;71;34;13445.27;8895.27;1996.292;1536.443
BE;FOUR;AV;2012;P;22.03.2012;167;C;2;BAL;34.458;34.458;6.333;2.833;116.083;103.875;36.125;11.875;79;56;24;14;39.5;28;24;14;1088499.32;1004585.033;305496.358;83021.767;2.167;1.708;1.542;1.5;209.333;106.208;35;17.292;411;210;63;32;205.5;105;63;32;42446.37076;33508.13076;11148.055;4097.062
BE;FOUR;AV;2012;E;29.06.2012;167;C;2;BAL;34.458;34.458;1.333;1.333;127.292;115.417;1.875;1.333;97;75;3;1;48.5;37.5;3;1;1163718.128;1081607.902;13285.564;9457.433;4.708;4.708;4.708;4.708;221.417;175.792;44.875;23.25;388;307;54;24;194;153.5;54;24;50129.47576;43118.08976;4921.182;2377.078
BE;FOUR;AV;2013;P;21.03.2013;167;C;2;BAL;15.75;15.75;9.708;1.333;93.25;74.667;22.292;5.958;96;60;27;13;48;30;27;13;718479.484;604934.206;149854.7;28241.8;4.708;2.958;2.833;2.833;235.833;120.333;39.792;19.792;372;203;60;31;186;101.5;60;31;34859.154;20129.894;6173.4;2638
BE;FOUR;AV;2013;E;26.06.2013;167;C;2;BAL;15.75;15.75;1.125;0.458;95.208;88.167;3.417;0.958;106;89;10;5;53;44.5;10;5;718481.515;681959.106;17905.3;4920.3;4.208;4.208;3.958;3.958;237.625;189.708;43.083;23.292;356;284;49;23;178;142;49;23;32826.081;27589.094;3786.9;2208.7
BE;FOUR;AV;2015;P;09.07.2015;167;C;2;BAL;NA;NA;NA;NA;NA;NA;NA;NA;NA;NA;NA;NA;NA;NA;NA;NA;NA;NA;NA;NA;NA;NA;NA;NA;NA;NA;NA;NA;NA;NA;NA;NA;NA;NA;NA;NA;NA;NA;NA;NA
BE;FOUR;AV;2015;E;26.03.2015;167;C;2;BAL;NA;NA;NA;NA;NA;NA;NA;NA;NA;NA;NA;NA;NA;NA;NA;NA;NA;NA;NA;NA;NA;NA;NA;NA;NA;NA;NA;NA;NA;NA;NA;NA;NA;NA;NA;NA;NA;NA;NA;NA
BE;FOUR;AV;2016;P;18.03.2016;167;C;2;BAL;8;0.542;0.542;0;22.375;0.792;0.792;0;22;2;2;0;11;2;2;0;213692.562;4687.28;4687.28;0;4.292;1.042;1.792;0.667;166.792;16;19.75;7.167;373;64;70;41;186.5;64;70;41;14251.365;1354.659;1372.154;143.161
BE;FOUR;AV;2016;E;27.06.2016;167;C;2;BAL;10.375;10.375;10.375;10.375;26;17.25;15.792;15.75;27;19;14;13;13.5;19;14;13;203897.451;136244.896;129047.682;128872.908;4.5;4.5;4.5;4.5;181.292;84.875;41.292;22.708;358;154;52;23;179;154;52;23;13717.876;8656.128;6381.22;6028.264
BE;LUCE;AM;2003;E;21.07.2003;0;NA;2;BAL;0;0;0;0;0;0;0;0;0;0;0;0;0;0;0;0;0;0;0;0;0;0;0;0;0;0;0;0;0;0;0;0;0;0;0;0;0;0;0;0
BE;LUCE;AM;2004;P;29.03.2004;0;NA;2;BAL;0;0;0;0;0;0;0;0;0;0;0;0;0;0;0;0;0;0;0;0;0;0;0;0;0;0;0;0;0;0;0;0;0;0;0;0;0;0;0;0
BE;LUCE;AM;2007;P;28.03.2007;0;NA;2;BAL;364.958;48.292;59.958;29.958;364.958;48.292;59.958;29.958;1;1;1;1;0.5;1;1;1;884394.015;155930.596;173146.839;117212.019;0;0;0;0;0;0;0;0;0;0;0;0;0;0;0;0;0;0;0;0
BE;LUCE;AM;2007;E;23.08.2007;0;NA;2;BAL;364.958;196.292;60;30;364.958;196.292;60;30;1;1;1;1;0.5;1;1;1;939868.347;577929.586;207948.113;78195.853;0;0;0;0;0;0;0;0;0;0;0;0;0;0;0;0;0;0;0;0
BE;LUCE;AM;2009;P;31.03.2009;0;NA;2;BAL;364.958;207.125;59.958;29.958;364.958;207.125;59.958;29.958;1;1;1;1;0.5;0.5;1;1;717846;388253;102124;56706;0;0;0;0;0;0;0;0;0;0;0;0;0;0;0;0;0;0;0;0
BE;LUCE;AM;2009;E;24.07.2009;0;NA;2;BAL;364.958;322.125;60;30;364.958;322.125;60;30;1;1;1;1;0.5;0.5;1;1;655975.02;582338.02;92613.02;43297.02;0;0;0;0;0;0;0;0;0;0;0;0;0;0;0;0;0;0;0;0
BE;LUCE;AM;2011;P;28.03.2011;0;NA;2;BAL;364.917;143.875;59.958;29.958;364.917;143.875;59.958;29.958;1;1;1;1;0.5;0.5;1;1;615596.152;243125.152;78744.253;46879.935;0;0;0;0;0;0;0;0;0;0;0;0;0;0;0;0;0;0;0;0
BE;LUCE;AM;2011;E;16.07.2011;0;NA;2;BAL;364.958;253.875;60;30;364.958;253.875;60;30;1;1;1;1;0.5;0.5;1;1;564577.905;424918.905;93205.43;46803.258;0;0;0;0;0;0;0;0;0;0;0;0;0;0;0;0;0;0;0;0
BE;LUCE;AM;2012;P;22.03.2012;0;NA;2;BAL;364.958;186.708;60;30;364.958;186.708;60;30;1;1;1;1;0.5;0.5;1;1;1574426.119;1212985.965;363059.797;122338.069;0;0;0;0;0;0;0;0;0;0;0;0;0;0;0;0;0;0;0;0
BE;LUCE;AM;2012;E;29.06.2012;0;NA;2;BAL;364.958;285.667;60;30;364.958;285.667;60;30;1;1;1;1;0.5;0.5;1;1;1658368.597;1463827.038;120483.89;57314.575;0;0;0;0;0;0;0;0;0;0;0;0;0;0;0;0;0;0;0;0
BE;LUCE;AM;2013;P;20.03.2013;0;NA;2;BAL;364.958;194.792;60;30;364.958;194.792;60;30;1;1;1;1;0.5;0.5;1;1;1243685.329;826360.488;233050.4;81603.9;0;0;0;0;0;0;0;0;0;0;0;0;0;0;0;0;0;0;0;0
BE;LUCE;AM;2013;E;26.06.2013;0;NA;2;BAL;364.958;292.75;60;30;364.958;292.75;60;30;1;1;1;1;0.5;0.5;1;1;1284975.4;1117518.488;152792.5;67336;0;0;0;0;0;0;0;0;0;0;0;0;0;0;0;0;0;0;0;0
BE;LUCE;AM;2015;P;26.03.2015;0;NA;2;BAL;NA;NA;NA;NA;NA;NA;NA;NA;NA;NA;NA;NA;NA;NA;NA;NA;NA;NA;NA;NA;NA;NA;NA;NA;NA;NA;NA;NA;NA;NA;NA;NA;NA;NA;NA;NA;NA;NA;NA;NA
BE;LUCE;AM;2015;E;09.07.2015;0;NA;2;BAL;NA;NA;NA;NA;NA;NA;NA;NA;NA;NA;NA;NA;NA;NA;NA;NA;NA;NA;NA;NA;NA;NA;NA;NA;NA;NA;NA;NA;NA;NA;NA;NA;NA;NA;NA;NA;NA;NA;NA;NA
BE;LUCE;AM;2016;P;18.03.2016;0;NA;2;BAL;364.417;50.417;60;30;364.417;50.417;60;30;1;1;1;1;0.5;1;1;1;848633.128;94122.565;108246.947;57869.144;0;0;0;0;0;0;0;0;0;0;0;0;0;0;0;0;0;0;0;0
BE;LUCE;AM;2016;E;29.06.2016;0;NA;2;BAL;364.958;153.375;60;30;364.958;153.375;60;30;1;1;1;1;0.5;1;1;1;836086.681;426974.655;228304.606;169883.487;0;0;0;0;0;0;0;0;0;0;0;0;0;0;0;0;0;0;0;0
BE;LUCE;AV;2003;E;21.07.2003;0;NA;2;BAL;0;0;0;0;0;0;0;0;0;0;0;0;0;0;0;0;0;0;0;0;0;0;0;0;0;0;0;0;0;0;0;0;0;0;0;0;0;0;0;0
BE;LUCE;AV;2004;P;29.03.2004;0;NA;2;BAL;0;0;0;0;0;0;0;0;0;0;0;0;0;0;0;0;0;0;0;0;0;0;0;0;0;0;0;0;0;0;0;0;0;0;0;0;0;0;0;0
BE;LUCE;AV;2007;P;28.03.2007;0;NA;2;BAL;364.958;48.292;59.958;29.958;364.958;48.292;59.958;29.958;1;1;1;1;0.5;1;1;1;884394.015;155930.596;173146.839;117212.019;0;0;0;0;0;0;0;0;0;0;0;0;0;0;0;0;0;0;0;0
BE;LUCE;AV;2007;E;20.07.2007;0;NA;2;BAL;364.958;162.292;60;30;364.958;162.292;60;30;1;1;1;1;0.5;1;1;1;920489.461;492311.186;221891.84;140272.286;0;0;0;0;0;0;0;0;0;0;0;0;0;0;0;0;0;0;0;0
BE;LUCE;AV;2009;P;31.03.2009;0;NA;2;BAL;364.958;207.125;59.958;29.958;364.958;207.125;59.958;29.958;1;1;1;1;0.5;0.5;1;1;717846;388253;102124;56706;0;0;0;0;0;0;0;0;0;0;0;0;0;0;0;0;0;0;0;0
BE;LUCE;AV;2009;E;23.07.2009;0;NA;2;BAL;364.958;321.125;60;30;364.958;321.125;60;30;1;1;1;1;0.5;0.5;1;1;656285.107;580889.107;92695.107;43253.107;0;0;0;0;0;0;0;0;0;0;0;0;0;0;0;0;0;0;0;0
BE;LUCE;AV;2011;P;28.03.2011;0;NA;2;BAL;364.917;143.875;59.958;29.958;364.917;143.875;59.958;29.958;1;1;1;1;0.5;0.5;1;1;615596.152;243125.152;78744.253;46879.935;0;0;0;0;0;0;0;0;0;0;0;0;0;0;0;0;0;0;0;0
BE;LUCE;AV;2011;E;16.07.2011;0;NA;2;BAL;364.958;253.875;60;30;364.958;253.875;60;30;1;1;1;1;0.5;0.5;1;1;564577.905;424918.905;93205.43;46803.258;0;0;0;0;0;0;0;0;0;0;0;0;0;0;0;0;0;0;0;0
BE;LUCE;AV;2012;P;22.03.2012;0;NA;2;BAL;364.958;186.708;60;30;364.958;186.708;60;30;1;1;1;1;0.5;0.5;1;1;1574426.119;1212985.965;363059.797;122338.069;0;0;0;0;0;0;0;0;0;0;0;0;0;0;0;0;0;0;0;0
BE;LUCE;AV;2012;E;29.06.2012;0;NA;2;BAL;364.958;285.667;60;30;364.958;285.667;60;30;1;1;1;1;0.5;0.5;1;1;1658368.597;1463827.038;120483.89;57314.575;0;0;0;0;0;0;0;0;0;0;0;0;0;0;0;0;0;0;0;0
BE;LUCE;AV;2013;P;20.03.2013;0;NA;2;BAL;364.958;194.792;60;30;364.958;194.792;60;30;1;1;1;1;0.5;0.5;1;1;1243685.329;826360.488;233050.4;81603.9;0;0;0;0;0;0;0;0;0;0;0;0;0;0;0;0;0;0;0;0
BE;LUCE;AV;2013;E;26.06.2013;0;NA;2;BAL;364.958;292.75;60;30;364.958;292.75;60;30;1;1;1;1;0.5;0.5;1;1;1284975.4;1117518.488;152792.5;67336;0;0;0;0;0;0;0;0;0;0;0;0;0;0;0;0;0;0;0;0
BE;LUCE;AV;2015;P;26.03.2015;0;NA;2;BAL;NA;NA;NA;NA;NA;NA;NA;NA;NA;NA;NA;NA;NA;NA;NA;NA;NA;NA;NA;NA;NA;NA;NA;NA;NA;NA;NA;NA;NA;NA;NA;NA;NA;NA;NA;NA;NA;NA;NA;NA
BE;LUCE;AV;2015;E;09.07.2015;0;NA;2;BAL;NA;NA;NA;NA;NA;NA;NA;NA;NA;NA;NA;NA;NA;NA;NA;NA;NA;NA;NA;NA;NA;NA;NA;NA;NA;NA;NA;NA;NA;NA;NA;NA;NA;NA;NA;NA;NA;NA;NA;NA
BE;LUCE;AV;2016;P;18.03.2016;0;NA;2;BAL;364.417;50.417;60;30;364.417;50.417;60;30;1;1;1;1;0.5;1;1;1;848633.128;94122.565;108246.947;57869.144;0;0;0;0;0;0;0;0;0;0;0;0;0;0;0;0;0;0;0;0
BE;LUCE;AV;2016;E;29.06.2016;0;NA;2;BAL;364.958;153.375;60;30;364.958;153.375;60;30;1;1;1;1;0.5;1;1;1;836086.681;426974.655;228304.606;169883.487;0;0;0;0;0;0;0;0;0;0;0;0;0;0;0;0;0;0;0;0
BE;LUIS;AM;2003;E;22.07.2003;229;NA;2;BALSER;0;0;0;0;0;0;0;0;0;0;0;0;0;0;0;0;0;0;0;0;0;0;0;0;0;0;0;0;0;0;0;0;0;0;0;0;0;0;0;0
BE;LUIS;AM;2004;P;01.04.2004;229;NA;2;BALSER;0;0;0;0;0;0;0;0;0;0;0;0;0;0;0;0;0;0;0;0;0;0;0;0;0;0;0;0;0;0;0;0;0;0;0;0;0;0;0;0
BE;LUIS;AM;2007;P;05.04.2007;229;NA;2;BALSER;4.375;4.25;4.25;0.542;18.958;4.625;4.625;0.708;24;3;3;2;12;3;3;2;170120.048;51475.816;51475.816;5013.891;0;0;0;0;0;0;0;0;0;0;0;0;0;0;0;0;0;0;0;0
BE;LUIS;AM;2007;E;24.07.2007;229;NA;2;BALSER;4.375;4.25;3.25;3.25;24;12.833;8.208;6.667;26;11;8;3;13;11;8;3;218912.688;129493.809;78017.993;67916.495;0;0;0;0;0;0;0;0;0;0;0;0;0;0;0;0;0;0;0;0
BE;LUIS;AM;2009;P;07.04.2009;229;NA;2;BALSER;2.167;2;0;0;6.875;4.708;0;0;9;8;0;0;4.5;4;0;0;73338.7;47150.7;0;0;0;0;0;0;0;0;0;0;0;0;0;0;0;0;0;0;0;0;0;0
BE;LUIS;AM;2009;E;24.07.2009;229;NA;2;BALSER;2;2;0;0;4.708;4.708;0;0;8;8;0;0;4;4;0;0;47150.7;47150.7;0;0;0;0;0;0;0;0;0;0;0;0;0;0;0;0;0;0;0;0;0;0
BE;LUIS;AM;2011;P;29.03.2011;229;NA;2;BALSER;3.333;3.333;0;0;6.833;4.125;0;0;10;4;0;0;5;2;0;0;61412.263;39086.263;0;0;0;0;0;0;0;0;0;0;0;0;0;0;0;0;0;0;0;0;0;0
BE;LUIS;AM;2011;E;11.09.2011;229;NA;2;BALSER;4.25;4.25;4.25;0.333;11.667;11.042;6.75;0.667;16;14;9;4;8;7;9;4;100751.079;96465.079;56416.866;4409.797;0;0;0;0;0;0;0;0;0;0;0;0;0;0;0;0;0;0;0;0
BE;LUIS;AM;2012;P;20.03.2012;229;NA;2;BALSER;14.792;14.792;7.708;1.708;89.542;82.542;30.875;8.708;67;56;28;14;33.5;28;28;14;927452.2907;869557.2957;284478.394;69130.755;0;0;0;0;0;0;0;0;0;0;0;0;0;0;0;0;0;0;0;0
BE;LUIS;AM;2012;E;28.06.2012;229;NA;2;BALSER;14.792;14.792;1.208;1.208;98.083;91.25;1.542;1.208;80;70;2;1;40;35;2;1;985874.4267;928941.3817;10689.555;7993.694;0;0;0;0;0;0;0;0;0;0;0;0;0;0;0;0;0;0;0;0
BE;LUIS;AM;2013;P;13.03.2013;229;NA;2;BALSER;15.458;15.458;9.208;0.333;61.333;47.167;10.958;1.5;59;31;14;8;29.5;15.5;14;8;530575.308;434898.02;90448.967;9015.478;0;0;0;0;0;0;0;0;0;0;0;0;0;0;0;0;0;0;0;0
BE;LUIS;AM;2013;E;25.06.2013;229;NA;2;BALSER;15.458;15.458;0.375;0.083;57.5;52.042;0.625;0.083;60;46;3;1;30;23;3;1;505805.148;469511.946;3997.905;579.002;0;0;0;0;0;0;0;0;0;0;0;0;0;0;0;0;0;0;0;0
BE;LUIS;AM;2015;P;24.03.2015;229;NA;2;BALSER;NA;NA;NA;NA;NA;NA;NA;NA;NA;NA;NA;NA;NA;NA;NA;NA;NA;NA;NA;NA;NA;NA;NA;NA;NA;NA;NA;NA;NA;NA;NA;NA;NA;NA;NA;NA;NA;NA;NA;NA
BE;LUIS;AM;2015;E;06.07.2015;229;NA;2;BALSER;NA;NA;NA;NA;NA;NA;NA;NA;NA;NA;NA;NA;NA;NA;NA;NA;NA;NA;NA;NA;NA;NA;NA;NA;NA;NA;NA;NA;NA;NA;NA;NA;NA;NA;NA;NA;NA;NA;NA;NA
BE;LUIS;AM;2016;P;17.03.2016;229;NA;2;BALSER;6.417;0;0.292;0;16.167;0;0.292;0;18;0;1;0;9;0;1;0;172289.423;0;2190.908;0;0;0;0;0;0;0;0;0;0;0;0;0;0;0;0;0;0;0;0;0
BE;LUIS;AM;2016;E;28.06.2016;229;NA;2;BALSER;4.333;4.333;4.333;4.333;14.583;8.375;8.333;8.333;23;12;11;11;11.5;12;11;11;145562.035;93656.478;93407.593;93407.593;0;0;0;0;0;0;0;0;0;0;0;0;0;0;0;0;0;0;0;0
BE;LUIS;AMN;2007;P;05.04.2007;229;NA;2;BALSER;4.375;4.25;4.25;0.542;18.958;4.625;4.625;0.708;24;3;3;2;12;3;3;2;170120.048;51475.816;51475.816;5013.891;0;0;0;0;0;0;0;0;0;0;0;0;0;0;0;0;0;0;0;0
BE;LUIS;AMN;2007;E;24.07.2007;229;NA;2;BALSER;4.375;4.25;3.25;3.25;24;12.833;8.208;6.667;26;11;8;3;13;11;8;3;218912.688;129493.809;78017.993;67916.495;0;0;0;0;0;0;0;0;0;0;0;0;0;0;0;0;0;0;0;0
BE;LUIS;AMN;2009;P;07.04.2009;229;NA;2;BALSER;2.167;2;0;0;6.875;4.708;0;0;9;8;0;0;4.5;4;0;0;73338.7;47150.7;0;0;0;0;0;0;0;0;0;0;0;0;0;0;0;0;0;0;0;0;0;0
BE;LUIS;AMN;2009;E;24.07.2009;229;NA;2;BALSER;2;2;0;0;4.708;4.708;0;0;8;8;0;0;4;4;0;0;47150.7;47150.7;0;0;0;0;0;0;0;0;0;0;0;0;0;0;0;0;0;0;0;0;0;0
BE;LUIS;AMN;2011;P;29.03.2011;229;NA;2;BALSER;3.333;3.333;0;0;6.833;4.125;0;0;10;4;0;0;5;2;0;0;61412.263;39086.263;0;0;0;0;0;0;0;0;0;0;0;0;0;0;0;0;0;0;0;0;0;0
BE;LUIS;AMN;2011;E;11.09.2011;229;NA;2;BALSER;4.25;4.25;4.25;0.333;11.667;11.042;6.75;0.667;16;14;9;4;8;7;9;4;100751.079;96465.079;56416.866;4409.797;0;0;0;0;0;0;0;0;0;0;0;0;0;0;0;0;0;0;0;0
BE;LUIS;AMN;2012;P;20.03.2012;229;NA;2;BALSER;14.792;14.792;7.708;1.708;89.542;82.542;30.875;8.708;67;56;28;14;33.5;28;28;14;927452.2907;869557.2957;284478.394;69130.755;0;0;0;0;0;0;0;0;0;0;0;0;0;0;0;0;0;0;0;0
BE;LUIS;AMN;2012;E;28.06.2012;229;NA;2;BALSER;14.792;14.792;1.208;1.208;98.083;91.25;1.542;1.208;80;70;2;1;40;35;2;1;985874.4267;928941.3817;10689.555;7993.694;0;0;0;0;0;0;0;0;0;0;0;0;0;0;0;0;0;0;0;0
BE;LUIS;AMN;2013;P;19.03.2013;229;NA;2;BALSER;15.458;15.458;9.208;0.25;61.542;47.375;11.125;1.042;60;32;14;6;30;16;14;6;531831.722;436154.434;91448.751;6052.317;0;0;0;0;0;0;0;0;0;0;0;0;0;0;0;0;0;0;0;0
BE;LUIS;AMN;2013;E;25.06.2013;229;NA;2;BALSER;15.458;15.458;0.375;0.083;57.5;52.042;0.625;0.083;60;46;3;1;30;23;3;1;505805.148;469511.946;3997.905;579.002;0;0;0;0;0;0;0;0;0;0;0;0;0;0;0;0;0;0;0;0
BE;LUIS;AMN;2015;P;24.03.2015;229;NA;2;BALSER;NA;NA;NA;NA;NA;NA;NA;NA;NA;NA;NA;NA;NA;NA;NA;NA;NA;NA;NA;NA;NA;NA;NA;NA;NA;NA;NA;NA;NA;NA;NA;NA;NA;NA;NA;NA;NA;NA;NA;NA
BE;LUIS;AMN;2015;E;06.07.2015;229;NA;2;BALSER;NA;NA;NA;NA;NA;NA;NA;NA;NA;NA;NA;NA;NA;NA;NA;NA;NA;NA;NA;NA;NA;NA;NA;NA;NA;NA;NA;NA;NA;NA;NA;NA;NA;NA;NA;NA;NA;NA;NA;NA
BE;LUIS;AMN;2016;P;17.03.2016;229;NA;2;BALSER;6.417;0;0.292;0;16.167;0;0.292;0;18;0;1;0;9;0;1;0;172289.423;0;2190.908;0;0;0;0;0;0;0;0;0;0;0;0;0;0;0;0;0;0;0;0;0
BE;LUIS;AMN;2016;E;28.06.2016;229;NA;2;BALSER;4.333;4.333;4.333;4.333;14.583;8.375;8.333;8.333;23;12;11;11;11.5;12;11;11;145562.035;93656.478;93407.593;93407.593;0;0;0;0;0;0;0;0;0;0;0;0;0;0;0;0;0;0;0;0
BE;LUIS;AV;2007;P;06.04.2007;229;C;2;BALSER;4.375;4.25;4.25;0.167;18.75;4.625;4.625;0.167;24;3;3;1;12;3;3;1;168815.993;51475.816;51475.816;997.395;3.667;2.208;2.125;2.125;248.208;58.875;40.542;21.208;382;92;63;28;191;92;63;28;21668.807;5340.911;4092.766;1523.168
BE;LUIS;AV;2007;E;20.07.2007;229;C;2;BALSER;4.375;4.25;3.25;3.25;24;12.833;8.208;7.5;26;11;8;5;13;11;8;5;218912.688;129493.809;78017.993;73032.618;2.917;2.917;2.667;2.208;249.167;129.958;42.167;20.333;372;198;57;28;186;198;57;28;21930.113;11380.958;4775.063;2714.516
BE;LUIS;AV;2009;P;06.04.2009;229;C;2;BALSER;2.167;2;0;0;6.875;4.708;0;0;9;8;0;0;4.5;4;0;0;73338.7;47150.7;0;0;4.083;2.333;2.333;2.333;224.917;121.625;36.167;19.042;423;267;69;31;211.5;133.5;69;31;17235;9090;1875.7;939.8
BE;LUIS;AV;2009;E;24.07.2009;229;C;2;BALSER;2;2;0;0;4.708;4.708;0;0;8;8;0;0;4;4;0;0;47150.7;47150.7;0;0;3.542;2.833;2.833;2.833;224.875;196.208;43.167;21.542;421;376;60;30;210.5;188;60;30;17084.91;15221.91;4004.01;2201.51
BE;LUIS;AV;2011;P;29.03.2011;229;C;2;BALSER;3.333;3.333;0;0;6.833;4.125;0;0;10;4;0;0;5;2;0;0;61412.263;39086.263;0;0;3.083;2.5;1.542;1.208;211.833;80.208;34.167;16.792;431;158;66;32;215.5;79;66;32;17164.227;6120.227;1064.317;374.073
BE;LUIS;AV;2011;E;18.07.2011;229;C;2;BALSER;3.333;3.333;0.167;0.167;4.917;4.292;0.167;0.167;7;5;1;1;3.5;2.5;1;1;44334.213;40048.213;961.95;961.95;3.083;2.5;1.833;1.833;208;145.958;36.375;19.208;439;289;68;33;219.5;144.5;68;33;13574.104;8938.104;2253.561;1701.144
BE;LUIS;AV;2012;P;21.03.2012;229;C;2;BALSER;14.792;14.792;7.125;1.708;89.542;82.542;30.125;8.708;67;56;27;14;33.5;28;27;14;927452.2907;869557.2957;276085.315;69130.755;2.167;1.708;1.542;1.5;210.042;106;35.042;17.542;409;208;64;33;204.5;104;64;33;42373.27676;33404.79276;11410.305;4379.973
BE;LUIS;AV;2012;E;28.06.2012;229;C;2;BALSER;14.792;14.792;1.208;1.208;98.083;91.25;1.542;1.208;80;70;2;1;40;35;2;1;985874.4267;928941.3817;10689.555;7993.694;5.292;5.292;5.292;5.292;223.292;177.333;45.875;24.208;382;298;51;21;191;149;51;21;49891.95576;42841.79376;4746.057;2212.448
BE;LUIS;AV;2013;P;19.03.2013;229;C;2;BALSER;15.458;15.458;9.208;0.25;61.542;47.375;11.125;1.042;60;32;14;6;30;16;14;6;531831.722;436154.434;91448.751;6052.317;5.292;2.5;2.5;2.5;237.792;99.375;39;19;367;173;61;33;183.5;86.5;61;33;34485.609;17298.729;6018.698;2372.744
BE;LUIS;AV;2013;E;25.06.2013;229;C;2;BALSER;15.458;15.458;0.375;0.083;57.5;52.042;0.625;0.083;60;46;3;1;30;23;3;1;505805.148;469511.946;3997.905;579.002;4.208;4.208;3.958;3.958;238.792;170.833;43.292;22.667;355;251;50;25;177.5;125.5;50;25;32851.054;25110.223;3766.305;2195.729
BE;LUIS;AV;2015;P;24.03.2015;229;C;2;BALSER;NA;NA;NA;NA;NA;NA;NA;NA;NA;NA;NA;NA;NA;NA;NA;NA;NA;NA;NA;NA;NA;NA;NA;NA;NA;NA;NA;NA;NA;NA;NA;NA;NA;NA;NA;NA;NA;NA;NA;NA
BE;LUIS;AV;2015;E;06.07.2015;229;C;2;BALSER;NA;NA;NA;NA;NA;NA;NA;NA;NA;NA;NA;NA;NA;NA;NA;NA;NA;NA;NA;NA;NA;NA;NA;NA;NA;NA;NA;NA;NA;NA;NA;NA;NA;NA;NA;NA;NA;NA;NA;NA
BE;LUIS;AV;2016;P;16.03.2016;229;C;2;BALSER;6.417;0;0.292;0;16.167;0;0.292;0;18;0;1;0;9;0;1;0;172289.423;0;2190.908;0;4.292;4.125;4.083;3.583;206.667;30.75;40.542;20.542;334;40;54;30;167;40;54;30;14574.82;1155.6;1537.626;232.968
BE;LUIS;AV;2016;E;27.06.2016;229;C;2;BALSER;4.333;4.333;4.333;4.333;14.583;8.375;8.333;8.333;23;12;11;11;11.5;12;11;11;145562.035;93656.478;93407.593;93407.593;4.542;4.542;4.542;4.542;223.583;109.5;46.5;23.625;315;118;43;21;157.5;118;43;21;14115.08;8574.786;6427.057;6023.459
BE;MOIR;AM;2007;P;06.04.2007;417;229;2;BALSER;1.667;1.458;1.458;0;4.333;1.458;1.458;0;5;1;1;0;2.5;1;1;0;65305.454;27363.325;27363.325;0;4.375;4.25;4.25;0.167;18.75;4.625;4.625;0.167;24;3;3;1;12;3;3;1;168815.993;51475.816;51475.816;997.395
BE;MOIR;AM;2007;E;19.07.2007;417;229;2;BALSER;1.667;1.542;1.542;1.542;5.625;3.583;2.125;2.125;6;3;2;2;3;3;2;2;87400.179;61824.391;34461.066;34461.066;4.375;4.25;3.25;3.25;24;12.833;8.208;7.667;26;11;8;6;13;11;8;6;218912.688;129493.809;78017.993;74065.274
BE;MOIR;AM;2009;P;07.04.2009;417;229;2;BALSER;1.167;1.167;0;0;2.333;1.25;0;0;3;2;0;0;1.5;1;0;0;39742;22078;0;0;2.167;2;0;0;6.875;4.708;0;0;9;8;0;0;4.5;4;0;0;73338.7;47150.7;0;0
BE;MOIR;AM;2009;E;22.07.2009;417;229;2;BALSER;1.167;1.167;0;0;1.25;1.25;0;0;2;2;0;0;1;1;0;0;22078;22078;0;0;2;2;0;0;4.708;4.708;0;0;8;8;0;0;4;4;0;0;47150.7;47150.7;0;0
BE;MOIR;AM;2011;P;29.03.2011;417;229;2;BALSER;1;1;0;0;2.042;1.375;0;0;5;3;0;0;2.5;1.5;0;0;28294;20343;0;0;3.333;3.333;0;0;6.833;4.125;0;0;10;4;0;0;5;2;0;0;61412.263;39086.263;0;0
BE;MOIR;AM;2011;E;11.09.2011;417;229;2;BALSER;1;1;0.708;0;3;3;1.625;0;7;7;4;0;3.5;3.5;4;0;37410.222;37410.222;17067.222;0;4.25;4.25;4.25;0.333;11.667;11.042;6.75;0.667;16;14;9;4;8;7;9;4;100751.079;96465.079;56416.866;4409.797
BE;MOIR;AM;2012;P;21.03.2012;417;229;2;BALSER;4.833;4.833;0.833;0.542;41.583;39.958;11.375;1.083;65;61;23;3;32.5;30.5;23;3;564637.5529;547570.3309;136892.161;12661.268;14.792;14.792;7.125;1.708;89.542;82.542;30.125;8.708;67;56;27;14;33.5;28;27;14;927452.2907;869557.2957;276085.315;69130.755
BE;MOIR;AM;2012;E;09.07.2012;417;229;2;BALSER;4.833;4.833;0;0;41.667;40.042;0;0;66;62;0;0;33;31;0;0;565509.1739;548441.9519;0;0;14.792;14.792;1.208;1.208;98.292;91.458;1.75;1.417;82;72;4;3;41;36;4;3;987128.8577;930195.8127;11943.986;9248.125
BE;MOIR;AM;2013;P;19.03.2013;417;229;2;BALSER;5.125;5.125;1.292;0;17.208;17.083;1.542;0;16;14;3;0;8;7;3;0;217565.031;216274.692;21153.871;0;15.458;15.458;9.208;0.25;61.542;47.375;11.125;1.042;60;32;14;6;30;16;14;6;531831.722;436154.434;91448.751;6052.317
BE;MOIR;AM;2013;E;24.06.2013;417;229;2;BALSER;5.125;5.125;0;0;17.125;17.083;0;0;15;14;0;0;7.5;7;0;0;216693.41;216274.692;0;0;15.458;15.458;0.875;0.083;57.5;52.042;1.5;0.083;60;46;4;1;30;23;4;1;505805.148;469511.946;11191.093;579.002
BE;MOIR;AM;2015;P;25.03.2015;417;229;2;BALSER;NA;NA;NA;NA;NA;NA;NA;NA;NA;NA;NA;NA;NA;NA;NA;NA;NA;NA;NA;NA;NA;NA;NA;NA;NA;NA;NA;NA;NA;NA;NA;NA;NA;NA;NA;NA;NA;NA;NA;NA
BE;MOIR;AM;2015;E;06.07.2015;417;229;2;BALSER;NA;NA;NA;NA;NA;NA;NA;NA;NA;NA;NA;NA;NA;NA;NA;NA;NA;NA;NA;NA;NA;NA;NA;NA;NA;NA;NA;NA;NA;NA;NA;NA;NA;NA;NA;NA;NA;NA;NA;NA
BE;MOIR;AM;2016;P;17.03.2016;417;229;2;BALSER;3.75;0;0;0;6.083;0;0;0;10;0;0;0;5;0;0;0;95735.754;0;0;0;6.417;0;0.292;0;16.167;0;0.292;0;18;0;1;0;9;0;1;0;172289.423;0;2190.908;0
BE;MOIR;AM;2016;E;16.06.2016;417;229;2;BALSER;0.958;0.458;0.458;0.458;1.542;0.458;0.458;0.458;4;1;1;1;2;1;1;1;17929.673;4344.574;4344.574;4344.574;2.417;1.917;1.917;1.917;10.125;3.667;3.667;3.625;20;8;8;7;10;8;8;7;77390.195;23970.364;23970.364;23721.479
BE;MOIR;AMN;2007;P;06.04.2007;417;229;2;BALSER;1.667;1.458;1.458;0;4.333;1.458;1.458;0;5;1;1;0;2.5;1;1;0;65305.454;27363.325;27363.325;0;4.375;4.25;4.25;0.167;18.75;4.625;4.625;0.167;24;3;3;1;12;3;3;1;168815.993;51475.816;51475.816;997.395
BE;MOIR;AMN;2007;E;19.07.2007;417;229;2;BALSER;1.667;1.542;1.542;1.542;5.625;3.583;2.125;2.125;6;3;2;2;3;3;2;2;87400.179;61824.391;34461.066;34461.066;4.375;4.25;3.25;3.25;24;12.833;8.208;7.667;26;11;8;6;13;11;8;6;218912.688;129493.809;78017.993;74065.274
BE;MOIR;AMN;2009;P;07.04.2009;417;229;2;BALSER;1.167;1.167;0;0;2.333;1.25;0;0;3;2;0;0;1.5;1;0;0;39742;22078;0;0;2.167;2;0;0;6.875;4.708;0;0;9;8;0;0;4.5;4;0;0;73338.7;47150.7;0;0
BE;MOIR;AMN;2009;E;22.07.2009;417;229;2;BALSER;1.167;1.167;0;0;1.25;1.25;0;0;2;2;0;0;1;1;0;0;22078;22078;0;0;2;2;0;0;4.708;4.708;0;0;8;8;0;0;4;4;0;0;47150.7;47150.7;0;0
BE;MOIR;AMN;2011;P;29.03.2011;417;229;2;BALSER;1;1;0;0;2.042;1.375;0;0;5;3;0;0;2.5;1.5;0;0;28294;20343;0;0;3.333;3.333;0;0;6.833;4.125;0;0;10;4;0;0;5;2;0;0;61412.263;39086.263;0;0
BE;MOIR;AMN;2011;E;11.09.2011;417;229;2;BALSER;1;1;0.708;0;3;3;1.625;0;7;7;4;0;3.5;3.5;4;0;37410.222;37410.222;17067.222;0;4.25;4.25;4.25;0.333;11.667;11.042;6.75;0.667;16;14;9;4;8;7;9;4;100751.079;96465.079;56416.866;4409.797
BE;MOIR;AMN;2012;P;21.03.2012;417;229;2;BALSER;4.833;4.833;0.833;0.542;41.583;39.958;11.375;1.083;65;61;23;3;32.5;30.5;23;3;564637.5529;547570.3309;136892.161;12661.268;14.792;14.792;7.125;1.708;89.542;82.542;30.125;8.708;67;56;27;14;33.5;28;27;14;927452.2907;869557.2957;276085.315;69130.755
BE;MOIR;AMN;2012;E;07.09.2012;417;229;2;BALSER;4.833;4.833;0;0;40.042;40.042;0;0;62;62;0;0;31;31;0;0;548441.9519;548441.9519;0;0;14.792;14.792;0.625;0.292;93.875;93.792;2.333;0.667;81;80;8;3;40.5;40;8;3;945906.7217;945390.5427;15194.73;4020.398
BE;MOIR;AMN;2013;P;19.03.2013;417;229;2;BALSER;5.125;5.125;1.292;0;17.208;17.083;1.542;0;16;14;3;0;8;7;3;0;217565.031;216274.692;21153.871;0;15.458;15.458;9.208;0.25;61.542;47.375;11.125;1.042;60;32;14;6;30;16;14;6;531831.722;436154.434;91448.751;6052.317
BE;MOIR;AMN;2013;E;24.06.2013;417;229;2;BALSER;5.125;5.125;0;0;17.125;17.083;0;0;15;14;0;0;7.5;7;0;0;216693.41;216274.692;0;0;15.458;15.458;0.875;0.083;57.5;52.042;1.5;0.083;60;46;4;1;30;23;4;1;505805.148;469511.946;11191.093;579.002
BE;MOIR;AMN;2014;P;03.04.2014;417;229;2;BALSER;2.708;2.708;0;0;7.25;5.667;0;0;0;0;0;0;0;0;0;0;0;0;0;0;3.792;3.792;0;0;25.875;14.75;0;0;0;0;0;0;0;0;0;0;0;0;0;0
BE;MOIR;AMN;2014;E;10.07.2014;417;229;2;BALSER;2.708;2.708;0;0;7.25;5.667;0;0;0;0;0;0;0;0;0;0;0;0;0;0;3.792;3.792;0;0;22.292;14.75;0;0;0;0;0;0;0;0;0;0;0;0;0;0
BE;MOIR;AMN;2015;P;25.03.2015;417;229;2;BALSER;NA;NA;NA;NA;NA;NA;NA;NA;NA;NA;NA;NA;NA;NA;NA;NA;NA;NA;NA;NA;NA;NA;NA;NA;NA;NA;NA;NA;NA;NA;NA;NA;NA;NA;NA;NA;NA;NA;NA;NA
BE;MOIR;AMN;2015;E;06.07.2015;417;229;2;BALSER;NA;NA;NA;NA;NA;NA;NA;NA;NA;NA;NA;NA;NA;NA;NA;NA;NA;NA;NA;NA;NA;NA;NA;NA;NA;NA;NA;NA;NA;NA;NA;NA;NA;NA;NA;NA;NA;NA;NA;NA
BE;MOIR;AMN;2016;P;17.03.2016;417;229;2;BALSER;3.75;0;0;0;6.083;0;0;0;10;0;0;0;5;0;0;0;95735.754;0;0;0;6.417;0;0.292;0;16.167;0;0.292;0;18;0;1;0;9;0;1;0;172289.423;0;2190.908;0
BE;MOIR;AMN;2016;E;29.06.2016;417;229;2;BALSER;2.583;2.583;2.583;2.583;4.125;3.042;3.042;3.042;5;2;2;2;2.5;2;2;2;72983.153;59398.054;59398.054;59398.054;4.333;4.333;4.333;4.333;14.583;8.375;8.333;8.333;23;12;11;11;11.5;12;11;11;145562.035;93656.478;93407.593;93407.593
BE;MOIR;AV;2007;P;06.04.2007;417;229;2;BALSER;1.667;1.458;1.458;0;4.333;1.458;1.458;0;5;1;1;0;2.5;1;1;0;65305.454;27363.325;27363.325;0;4.375;4.25;4.25;0.167;18.75;4.625;4.625;0.167;24;3;3;1;12;3;3;1;168815.993;51475.816;51475.816;997.395
BE;MOIR;AV;2007;E;24.07.2007;417;229;2;BALSER;1.667;1.542;1.542;1.542;5.625;3.583;2.125;2.125;6;3;2;2;3;3;2;2;87400.179;61824.391;34461.066;34461.066;4.375;4.25;3.25;3.25;24;12.833;8.208;6.667;26;11;8;3;13;11;8;3;218912.688;129493.809;78017.993;67916.495
BE;MOIR;AV;2009;P;07.04.2009;417;229;2;BALSER;1.167;1.167;0;0;2.333;1.25;0;0;3;2;0;0;1.5;1;0;0;39742;22078;0;0;2.167;2;0;0;6.875;4.708;0;0;9;8;0;0;4.5;4;0;0;73338.7;47150.7;0;0
BE;MOIR;AV;2009;E;24.07.2009;417;229;2;BALSER;1.167;1.167;0;0;1.25;1.25;0;0;2;2;0;0;1;1;0;0;22078;22078;0;0;2;2;0;0;4.708;4.708;0;0;8;8;0;0;4;4;0;0;47150.7;47150.7;0;0
BE;MOIR;AV;2011;P;29.03.2011;417;229;2;BALSER;1;1;0;0;2.042;1.375;0;0;5;3;0;0;2.5;1.5;0;0;28294;20343;0;0;3.333;3.333;0;0;6.833;4.125;0;0;10;4;0;0;5;2;0;0;61412.263;39086.263;0;0
BE;MOIR;AV;2011;E;11.09.2011;417;229;2;BALSER;1;1;0.708;0;3;3;1.625;0;7;7;4;0;3.5;3.5;4;0;37410.222;37410.222;17067.222;0;4.25;4.25;4.25;0.333;11.667;11.042;6.75;0.667;16;14;9;4;8;7;9;4;100751.079;96465.079;56416.866;4409.797
BE;MOIR;AV;2012;P;21.03.2012;417;229;2;BALSER;4.833;4.833;0.833;0.542;41.583;39.958;11.375;1.083;65;61;23;3;32.5;30.5;23;3;564637.5529;547570.3309;136892.161;12661.268;14.792;14.792;7.125;1.708;89.542;82.542;30.125;8.708;67;56;27;14;33.5;28;27;14;927452.2907;869557.2957;276085.315;69130.755
BE;MOIR;AV;2012;E;09.07.2012;417;229;2;BALSER;4.833;4.833;0;0;41.667;40.042;0;0;66;62;0;0;33;31;0;0;565509.1739;548441.9519;0;0;14.792;14.792;1.208;1.208;98.292;91.458;1.75;1.417;82;72;4;3;41;36;4;3;987128.8577;930195.8127;11943.986;9248.125
BE;MOIR;AV;2013;P;19.03.2013;417;229;2;BALSER;5.125;5.125;1.292;0;17.208;17.083;1.542;0;16;14;3;0;8;7;3;0;217565.031;216274.692;21153.871;0;15.458;15.458;9.208;0.25;61.542;47.375;11.125;1.042;60;32;14;6;30;16;14;6;531831.722;436154.434;91448.751;6052.317
BE;MOIR;AV;2013;E;25.06.2013;417;229;2;BALSER;5.125;5.125;0;0;17.125;17.083;0;0;15;14;0;0;7.5;7;0;0;216693.41;216274.692;0;0;15.458;15.458;0.375;0.083;57.5;52.042;0.625;0.083;60;46;3;1;30;23;3;1;505805.148;469511.946;3997.905;579.002
BE;MOIR;AV;2015;P;23.03.2015;417;229;2;BALSER;NA;NA;NA;NA;NA;NA;NA;NA;NA;NA;NA;NA;NA;NA;NA;NA;NA;NA;NA;NA;NA;NA;NA;NA;NA;NA;NA;NA;NA;NA;NA;NA;NA;NA;NA;NA;NA;NA;NA;NA
BE;MOIR;AV;2015;E;07.07.2015;417;229;2;BALSER;NA;NA;NA;NA;NA;NA;NA;NA;NA;NA;NA;NA;NA;NA;NA;NA;NA;NA;NA;NA;NA;NA;NA;NA;NA;NA;NA;NA;NA;NA;NA;NA;NA;NA;NA;NA;NA;NA;NA;NA
BE;MOIR;AV;2016;P;17.03.2016;417;229;2;BALSER;3.75;0;0;0;6.083;0;0;0;10;0;0;0;5;0;0;0;95735.754;0;0;0;6.417;0;0.292;0;16.167;0;0.292;0;18;0;1;0;9;0;1;0;172289.423;0;2190.908;0
BE;MOIR;AV;2016;E;27.06.2016;417;229;2;BALSER;2.583;2.583;2.583;2.583;4.125;3.042;3.042;3.042;5;2;2;2;2.5;2;2;2;72983.153;59398.054;59398.054;59398.054;4.333;4.333;4.333;4.333;14.583;8.375;8.333;8.333;23;12;11;11;11.5;12;11;11;145562.035;93656.478;93407.593;93407.593
