Sector;Station;Site;Year;Season;Date_sample;Qc;Qcs;Lag;Qref;Oey;Oe2m;Oem;Ony;On2m;Onm;Ofy;Of2m;Ofm;Bey;Be2m;Bem;Bny;Bn2m;Bnm;Bfy;Bf2m;Bfm;Lem;Le2m;Ley
BE;BEAR;AM;2007;P;06.04.2007;982;322;2;BAL;0.250;0.250;0.000;1.000;1.000;0.000;0.001;0.004;0.000;10.417;3.500;0.000;14.000;4.000;0.000;0.029;0.058;0.000;30.000;56.208;354.375
BE;BEAR;AM;2007;E;20.07.2007;982;322;2;BAL;0.250;0.000;0.000;1.000;0.000;0.000;0.001;0.000;0.000;12.833;4.500;4.250;14.000;4.000;3.000;0.035;0.075;0.142;25.750;55.500;351.875
BE;BEAR;AM;2009;P;06.04.2009;982;322;2;BAL;0.000;0.000;0.000;0.000;0.000;0.000;0.000;0.000;0.000;5.250;0.000;0.000;6.000;0.000;0.000;0.014;0.000;0.000;30.000;60.000;359.750
BE;BEAR;AM;2009;E;22.07.2009;982;322;2;BAL;0.000;0.000;0.000;0.000;0.000;0.000;0.000;0.000;0.000;3.167;0.000;0.000;5.000;0.000;0.000;0.009;0.000;0.000;30.000;60.000;361.792
BE;BEAR;AM;2011;P;29.03.2011;982;322;2;BAL;0.000;0.000;0.000;0.000;0.000;0.000;0.000;0.000;0.000;4.333;0.000;0.000;4.000;0.000;0.000;0.012;0.000;0.000;30.000;60.000;360.833
BE;BEAR;AM;2011;E;18.07.2011;982;322;2;BAL;0.000;0.000;0.000;0.000;0.000;0.000;0.000;0.000;0.000;3.083;0.000;0.000;3.000;0.000;0.000;0.008;0.000;0.000;30.000;60.000;361.958
BE;BEAR;AM;2012;P;20.03.2012;982;322;2;BAL;1.000;0.000;0.000;2.000;0.000;0.000;0.003;0.000;0.000;66.417;22.000;4.708;65.000;30.000;11.000;0.182;0.367;0.157;25.292;38.542;298.500
BE;BEAR;AM;2012;E;28.06.2012;982;322;2;BAL;1.000;0.000;0.000;2.000;0.000;0.000;0.003;0.000;0.000;69.083;0.542;0.333;74.000;3.000;2.000;0.189;0.009;0.011;29.667;59.458;295.917
BE;BEAR;AM;2013;P;19.03.2013;982;322;2;BAL;0.000;0.000;0.000;0.000;0.000;0.000;0.000;0.000;0.000;35.875;6.458;0.000;28.000;3.000;0.000;0.098;0.108;0.000;30.000;53.542;329.417
BE;BEAR;AM;2013;E;24.06.2013;982;322;2;BAL;0.000;0.000;0.000;0.000;0.000;0.000;0.000;0.000;0.000;35.292;0.875;0.000;24.000;2.000;0.000;0.097;0.015;0.000;30.000;59.125;329.958
BE;BEAR;AM;2015;P;24.03.2015;982;322;2;BAL;0.000;0.000;0.000;0.000;0.000;0.000;0.000;0.000;0.000;0.875;0.000;0.000;1.000;0.000;0.000;0.002;0.000;0.000;30.000;59.125;329.958
BE;BEAR;AM;2015;E;08.07.2015;982;322;2;BAL;0.875;0.000;0.000;2.000;0.000;0.000;0.002;0.000;0.000;11.125;0.083;0.000;20.000;1.000;0.000;0.030;0.001;0.000;29.458;59.375;353.125
BE;BEAR;AM;2016;P;16.03.2016;982;322;2;BAL;0.875;0.000;0.000;2.000;0.000;0.000;0.002;0.000;0.000;10.375;0.125;0.000;14.000;1.000;0.000;0.028;0.002;0.000;30.000;59.875;353.583
BE;BEAR;AM;2016;E;29.06.2016;982;322;2;BAL;0.917;0.917;0.917;2.000;2.000;2.000;0.003;0.015;0.031;7.375;3.792;3.792;17.000;8.000;8.000;0.020;0.063;0.126;25.375;55.375;356.792
BE;BEAR;AVN;2007;P;06.04.2007;982;200;2;BAL;0.250;0.250;0.000;1.000;1.000;0.000;0.001;0.004;0.000;25.042;5.458;0.375;33.000;6.000;1.000;0.069;0.091;0.013;29.583;54.250;340.375
BE;BEAR;AVN;2007;E;20.07.2007;982;200;2;BAL;0.250;0.000;0.000;1.000;0.000;0.000;0.001;0.000;0.000;31.833;11.250;9.708;35.000;8.000;3.000;0.087;0.188;0.324;20.417;48.875;333.333
BE;BEAR;AVN;2009;P;06.04.2009;982;200;2;BAL;0.000;0.000;0.000;0.000;0.000;0.000;0.000;0.000;0.000;8.625;0.000;0.000;13.000;0.000;0.000;0.024;0.000;0.000;30.000;60.000;356.542
BE;BEAR;AVN;2009;E;22.07.2009;982;200;2;BAL;0.000;0.000;0.000;0.000;0.000;0.000;0.000;0.000;0.000;6.083;0.000;0.000;10.000;0.000;0.000;0.017;0.000;0.000;30.000;60.000;359.125
BE;BEAR;AVN;2011;P;28.03.2011;982;200;2;BAL;0.000;0.000;0.000;0.000;0.000;0.000;0.000;0.000;0.000;8.417;0.000;0.000;9.000;0.000;0.000;0.023;0.000;0.000;30.000;60.000;356.667
BE;BEAR;AVN;2011;E;17.07.2011;982;200;2;BAL;0.000;0.000;0.000;0.000;0.000;0.000;0.000;0.000;0.000;6.083;0.250;0.250;7.000;1.000;1.000;0.017;0.004;0.008;29.750;59.750;359.042
BE;BEAR;AVN;2012;P;20.03.2012;982;200;2;BAL;1.000;0.000;0.000;2.000;0.000;0.000;0.003;0.000;0.000;100.250;34.375;10.042;74.000;26.000;15.000;0.275;0.573;0.335;20.125;26.333;265.000
BE;BEAR;AVN;2012;E;28.06.2012;982;200;2;BAL;1.000;0.000;0.000;2.000;0.000;0.000;0.003;0.000;0.000;109.875;1.750;1.333;88.000;2.000;1.000;0.301;0.029;0.044;28.667;58.250;255.375
BE;BEAR;AVN;2013;P;19.03.2013;982;200;2;BAL;0.000;0.000;0.000;0.000;0.000;0.000;0.000;0.000;0.000;76.417;15.542;2.417;77.000;20.000;10.000;0.209;0.259;0.081;27.583;44.458;289.292
BE;BEAR;AVN;2013;E;24.06.2013;982;200;2;BAL;0.000;0.000;0.000;0.000;0.000;0.000;0.000;0.000;0.000;75.750;3.042;0.708;86.000;9.000;5.000;0.208;0.051;0.024;29.292;57.000;290.250
BE;BEAR;AVN;2014;P;03.04.2014;982;200;2;BAL;0.000;0.000;0.000;0.000;0.000;0.000;0.000;0.000;0.000;34.458;0.083;0.083;46.000;2.000;2.000;0.094;0.001;0.003;29.875;59.875;331.208
BE;BEAR;AVN;2014;E;10.07.2014;982;200;2;BAL;0.000;0.000;0.000;0.000;0.000;0.000;0.000;0.000;0.000;29.250;1.250;1.125;32.000;3.000;2.000;0.080;0.021;0.038;29.125;59.042;336.542
BE;BEAR;AVN;2015;P;24.03.2015;982;200;2;BAL;0.000;0.000;0.000;0.000;0.000;0.000;0.000;0.000;0.000;1.000;1.000;1.000;1.000;1.000;1.000;0.003;0.017;0.033;29.000;59.000;364.000
BE;BEAR;AVN;2015;E;08.07.2015;982;200;2;BAL;0.875;0.000;0.000;2.000;0.000;0.000;0.002;0.000;0.000;23.875;0.542;0.042;31.000;4.000;1.000;0.065;0.009;0.001;29.417;58.917;340.500
BE;BEAR;AVN;2016;P;16.03.2016;982;200;2;BAL;0.875;0.000;0.000;2.000;0.000;0.000;0.002;0.000;0.000;16.750;0.333;0.000;16.000;1.000;0.000;0.046;0.006;0.000;30.000;59.667;347.125
BE;BEAR;AVN;2016;E;27.06.2016;982;200;2;BAL;0.917;0.917;0.917;2.000;2.000;2.000;0.003;0.015;0.031;17.792;9.750;9.750;25.000;15.000;15.000;0.049;0.163;0.325;20.250;50.250;347.292
BE;BEAR;AV;2007;P;06.04.2007;982;200;2;BAL;0.250;0.250;0.000;1.000;1.000;0.000;0.001;0.004;0.000;25.042;5.458;0.375;33.000;6.000;1.000;0.069;0.091;0.013;29.583;54.250;340.375
BE;BEAR;AV;2007;E;20.07.2007;982;200;2;BAL;0.250;0.000;0.000;1.000;0.000;0.000;0.001;0.000;0.000;31.833;11.250;9.708;35.000;8.000;3.000;0.087;0.188;0.324;20.417;48.875;333.333
BE;BEAR;AV;2009;P;06.04.2009;982;200;2;BAL;0.000;0.000;0.000;0.000;0.000;0.000;0.000;0.000;0.000;8.625;0.000;0.000;13.000;0.000;0.000;0.024;0.000;0.000;30.000;60.000;356.542
BE;BEAR;AV;2009;E;22.07.2009;982;200;2;BAL;0.000;0.000;0.000;0.000;0.000;0.000;0.000;0.000;0.000;6.083;0.000;0.000;10.000;0.000;0.000;0.017;0.000;0.000;30.000;60.000;359.125
BE;BEAR;AV;2011;P;29.03.2011;982;200;2;BAL;0.000;0.000;0.000;0.000;0.000;0.000;0.000;0.000;0.000;8.417;0.000;0.000;9.000;0.000;0.000;0.023;0.000;0.000;30.000;60.000;356.708
BE;BEAR;AV;2011;E;17.07.2011;982;200;2;BAL;0.000;0.000;0.000;0.000;0.000;0.000;0.000;0.000;0.000;6.083;0.250;0.250;7.000;1.000;1.000;0.017;0.004;0.008;29.750;59.750;359.042
BE;BEAR;AV;2012;P;20.03.2012;982;200;2;BAL;1.000;0.000;0.000;2.000;0.000;0.000;0.003;0.000;0.000;100.250;34.375;10.042;74.000;26.000;15.000;0.275;0.573;0.335;20.125;26.333;265.000
BE;BEAR;AV;2012;E;28.06.2012;982;200;2;BAL;1.000;0.000;0.000;2.000;0.000;0.000;0.003;0.000;0.000;109.875;1.750;1.333;88.000;2.000;1.000;0.301;0.029;0.044;28.667;58.250;255.375
BE;BEAR;AV;2013;P;19.03.2013;982;200;2;BAL;0.000;0.000;0.000;0.000;0.000;0.000;0.000;0.000;0.000;76.417;15.542;2.417;77.000;20.000;10.000;0.209;0.259;0.081;27.583;44.458;289.292
BE;BEAR;AV;2013;E;24.06.2013;982;200;2;BAL;0.000;0.000;0.000;0.000;0.000;0.000;0.000;0.000;0.000;75.750;3.042;0.708;86.000;9.000;5.000;0.208;0.051;0.024;29.292;57.000;290.250
BE;BEAR;AV;2015;P;24.03.2015;982;200;2;BAL;0.000;0.000;0.000;0.000;0.000;0.000;0.000;0.000;0.000;1.000;1.000;1.000;1.000;1.000;1.000;0.003;0.017;0.033;29.000;59.000;364.000
BE;BEAR;AV;2015;E;08.07.2015;982;200;2;BAL;0.875;0.000;0.000;2.000;0.000;0.000;0.002;0.000;0.000;23.875;0.542;0.042;31.000;4.000;1.000;0.065;0.009;0.001;29.417;58.917;340.500
BE;BEAR;AV;2016;P;16.03.2016;982;200;2;BAL;0.875;0.000;0.000;2.000;0.000;0.000;0.002;0.000;0.000;16.750;0.333;0.000;16.000;1.000;0.000;0.046;0.006;0.000;30.000;59.667;347.125
BE;BEAR;AV;2016;E;27.06.2016;982;200;2;BAL;0.917;0.917;0.917;2.000;2.000;2.000;0.003;0.015;0.031;17.792;9.750;9.750;25.000;15.000;15.000;0.049;0.163;0.325;20.250;50.250;347.292
BE;CHAN;AM;2004;P;29.03.2004;433;NA;0;BRENS;NA;NA;NA;NA;NA;NA;NA;NA;NA;NA;NA;NA;NA;NA;NA;NA;NA;NA;NA;NA;NA
BE;CHAN;AM;2004;E;20.07.2004;433;NA;0;BRENS;NA;NA;NA;NA;NA;NA;NA;NA;NA;NA;NA;NA;NA;NA;NA;NA;NA;NA;NA;NA;NA
BE;CHAN;AM;2007;P;03.04.2007;433;NA;0;BRENS;186.500;37.167;18.500;118.000;21.000;10.000;0.511;0.619;0.617;0.000;0.000;0.000;0.000;0.000;0.000;0.000;0.000;0.000;0.000;0.000;0.000
BE;CHAN;AM;2007;E;23.08.2007;433;NA;0;BRENS;181.792;60.000;30.000;92.000;1.000;1.000;0.498;1.000;1.000;0.000;0.000;0.000;0.000;0.000;0.000;0.000;0.000;0.000;0.000;0.000;0.000
BE;CHAN;AM;2009;P;31.03.2009;433;NA;0;BRENS;166.750;16.000;9.583;132.000;30.000;17.000;0.457;0.267;0.319;0.000;0.000;0.000;0.000;0.000;0.000;0.000;0.000;0.000;0.000;0.000;0.000
BE;CHAN;AM;2009;E;23.07.2009;433;NA;0;BRENS;141.333;34.917;15.750;167.000;39.000;24.000;0.387;0.582;0.525;0.000;0.000;0.000;0.000;0.000;0.000;0.000;0.000;0.000;0.000;0.000;0.000
BE;CHAN;AM;2011;P;30.03.2011;433;NA;0;BRENS;109.583;0.750;0.458;138.000;5.000;3.000;0.300;0.013;0.015;0.000;0.000;0.000;0.000;0.000;0.000;0.000;0.000;0.000;0.000;0.000;0.000
BE;CHAN;AM;2011;E;17.07.2011;433;NA;0;BRENS;73.750;17.417;14.458;113.000;27.000;19.000;0.202;0.290;0.482;0.000;0.000;0.000;0.000;0.000;0.000;0.000;0.000;0.000;0.000;0.000;0.000
BE;CHAN;AM;2012;P;22.03.2012;433;NA;0;BRENS;93.292;17.750;4.958;135.000;32.000;13.000;0.256;0.296;0.165;0.000;0.000;0.000;0.000;0.000;0.000;0.000;0.000;0.000;0.000;0.000;0.000
BE;CHAN;AM;2012;E;11.09.2012;433;NA;0;BRENS;156.875;20.792;9.042;151.000;34.000;11.000;0.430;0.347;0.301;0.000;0.000;0.000;0.000;0.000;0.000;0.000;0.000;0.000;0.000;0.000;0.000
BE;CHAN;AM;2013;P;20.03.2013;433;NA;0;BRENS;193.958;31.708;11.000;147.000;27.000;17.000;0.531;0.528;0.367;0.000;0.000;0.000;0.000;0.000;0.000;0.000;0.000;0.000;0.000;0.000;0.000
BE;CHAN;AM;2015;P;26.03.2015;433;NA;0;BRENS;154.917;29.292;16.792;180.000;47.000;24.000;0.424;0.488;0.560;0.000;0.000;0.000;0.000;0.000;0.000;0.000;0.000;0.000;0.000;0.000;0.000
BE;CHAN;AV;2004;P;29.03.2004;433;NA;0;BRENS;NA;NA;NA;NA;NA;NA;NA;NA;NA;NA;NA;NA;NA;NA;NA;NA;NA;NA;NA;NA;NA
BE;CHAN;AV;2004;E;20.07.2004;433;NA;0;BRENS;NA;NA;NA;NA;NA;NA;NA;NA;NA;NA;NA;NA;NA;NA;NA;NA;NA;NA;NA;NA;NA
BE;CHAN;AV;2007;P;28.03.2007;433;NA;0;BRENS;190.167;35.458;22.167;115.000;21.000;7.000;0.521;0.591;0.739;0.000;0.000;0.000;0.000;0.000;0.000;0.000;0.000;0.000;0.000;0.000;0.000
BE;CHAN;AV;2007;E;20.07.2007;433;NA;0;BRENS;168.083;57.542;30.000;110.000;4.000;1.000;0.461;0.959;1.000;0.000;0.000;0.000;0.000;0.000;0.000;0.000;0.000;0.000;0.000;0.000;0.000
BE;CHAN;AV;2009;P;31.03.2009;433;NA;0;BRENS;166.750;16.000;9.583;132.000;30.000;17.000;0.457;0.267;0.319;0.000;0.000;0.000;0.000;0.000;0.000;0.000;0.000;0.000;0.000;0.000;0.000
BE;CHAN;AV;2009;E;22.07.2009;433;NA;0;BRENS;141.375;34.542;15.625;167.000;39.000;24.000;0.387;0.576;0.521;0.000;0.000;0.000;0.000;0.000;0.000;0.000;0.000;0.000;0.000;0.000;0.000
BE;CHAN;AV;2011;P;30.03.2011;433;NA;0;BRENS;109.583;0.750;0.458;138.000;5.000;3.000;0.300;0.013;0.015;0.000;0.000;0.000;0.000;0.000;0.000;0.000;0.000;0.000;0.000;0.000;0.000
BE;CHAN;AV;2011;E;17.07.2011;433;NA;0;BRENS;73.750;17.417;14.458;113.000;27.000;19.000;0.202;0.290;0.482;0.000;0.000;0.000;0.000;0.000;0.000;0.000;0.000;0.000;0.000;0.000;0.000
BE;CHAN;AV;2012;P;22.03.2012;433;NA;0;BRENS;93.292;17.750;4.958;135.000;32.000;13.000;0.256;0.296;0.165;0.000;0.000;0.000;0.000;0.000;0.000;0.000;0.000;0.000;0.000;0.000;0.000
BE;CHAN;AV;2012;E;11.09.2012;433;NA;0;BRENS;156.875;20.792;9.042;151.000;34.000;11.000;0.430;0.347;0.301;0.000;0.000;0.000;0.000;0.000;0.000;0.000;0.000;0.000;0.000;0.000;0.000
BE;CHAN;AV;2013;P;20.03.2013;433;NA;0;BRENS;193.958;31.708;11.000;147.000;27.000;17.000;0.531;0.528;0.367;0.000;0.000;0.000;0.000;0.000;0.000;0.000;0.000;0.000;0.000;0.000;0.000
BE;CHAN;AV;2014;P;03.04.2014;433;NA;0;BRENS;252.417;41.333;18.042;133.000;34.000;24.000;0.692;0.689;0.601;0.000;0.000;0.000;0.000;0.000;0.000;0.000;0.000;0.000;0.000;0.000;0.000
BE;CHAN;AV;2015;P;26.03.2015;433;NA;0;BRENS;154.917;29.292;16.792;180.000;47.000;24.000;0.424;0.488;0.560;0.000;0.000;0.000;0.000;0.000;0.000;0.000;0.000;0.000;0.000;0.000;0.000
BE;CHAN;AV;2015;E;07.07.2015;433;NA;0;BRENS;182.250;42.917;21.500;155.000;25.000;13.000;0.499;0.715;0.717;0.000;0.000;0.000;0.000;0.000;0.000;0.000;0.000;0.000;0.000;0.000;0.000
BE;CHAN;AV;2016;P;17.03.2016;433;NA;0;BRENS;182.167;47.333;24.333;125.000;19.000;8.000;0.499;0.789;0.811;0.000;0.000;0.000;0.000;0.000;0.000;0.000;0.000;0.000;0.000;0.000;0.000
BE;CHAN;AV;2016;E;28.06.2016;433;NA;0;BRENS;179.750;44.458;30.000;108.000;12.000;1.000;0.492;0.741;1.000;0.000;0.000;0.000;0.000;0.000;0.000;0.000;0.000;0.000;0.000;0.000;0.000
BE;ENIL;AM;2003;E;21.07.2003;229;NA;1;BAL;NA;NA;NA;NA;NA;NA;NA;NA;NA;NA;NA;NA;NA;NA;NA;NA;NA;NA;NA;NA;NA
BE;ENIL;AM;2004;P;29.03.2004;229;NA;1;BAL;NA;NA;NA;NA;NA;NA;NA;NA;NA;NA;NA;NA;NA;NA;NA;NA;NA;NA;NA;NA;NA
BE;ENIL;AM;2005;E;21.07.2005;0;NA;1;BAL;NA;NA;NA;NA;NA;NA;NA;NA;NA;NA;NA;NA;NA;NA;NA;NA;NA;NA;NA;NA;NA
BE;ENIL;AM;2006;P;24.04.2006;0;NA;1;BAL;NA;NA;NA;NA;NA;NA;NA;NA;NA;NA;NA;NA;NA;NA;NA;NA;NA;NA;NA;NA;NA
BE;ENIL;AM;2007;P;28.03.2007;0;NA;1;BAL;365.000;60.000;30.000;1.000;1.000;1.000;1.000;1.000;1.000;0.000;0.000;0.000;0.000;0.000;0.000;0.000;0.000;0.000;0.000;0.000;0.000
BE;ENIL;AM;2007;E;20.07.2007;0;NA;1;BAL;365.000;60.000;30.000;1.000;1.000;1.000;1.000;1.000;1.000;0.000;0.000;0.000;0.000;0.000;0.000;0.000;0.000;0.000;0.000;0.000;0.000
BE;ENIL;AM;2009;P;31.03.2009;0;NA;1;BAL;365.000;60.000;30.000;1.000;1.000;1.000;1.000;1.000;1.000;0.000;0.000;0.000;0.000;0.000;0.000;0.000;0.000;0.000;0.000;0.000;0.000
BE;ENIL;AM;2009;E;23.07.2009;0;NA;1;BAL;365.000;60.000;30.000;1.000;1.000;1.000;1.000;1.000;1.000;0.000;0.000;0.000;0.000;0.000;0.000;0.000;0.000;0.000;0.000;0.000;0.000
BE;ENIL;AM;2011;P;28.03.2011;0;NA;1;BAL;365.000;60.000;30.000;1.000;1.000;1.000;1.000;1.000;1.000;0.000;0.000;0.000;0.000;0.000;0.000;0.000;0.000;0.000;0.000;0.000;0.000
BE;ENIL;AM;2011;E;16.07.2011;0;NA;1;BAL;365.000;60.000;30.000;1.000;1.000;1.000;1.000;1.000;1.000;0.000;0.000;0.000;0.000;0.000;0.000;0.000;0.000;0.000;0.000;0.000;0.000
BE;ENIL;AM;2012;P;21.03.2012;0;NA;1;BAL;365.000;60.000;30.000;1.000;1.000;1.000;1.000;1.000;1.000;0.000;0.000;0.000;0.000;0.000;0.000;0.000;0.000;0.000;0.000;0.000;0.000
BE;ENIL;AM;2012;E;26.06.2012;0;NA;1;BAL;365.000;60.000;30.000;1.000;1.000;1.000;1.000;1.000;1.000;0.000;0.000;0.000;0.000;0.000;0.000;0.000;0.000;0.000;0.000;0.000;0.000
BE;ENIL;AM;2013;P;18.03.2013;0;NA;1;BAL;365.000;60.000;30.000;1.000;1.000;1.000;1.000;1.000;1.000;0.000;0.000;0.000;0.000;0.000;0.000;0.000;0.000;0.000;0.000;0.000;0.000
BE;ENIL;AM;2013;E;27.06.2013;0;NA;1;BAL;365.000;60.000;30.000;1.000;1.000;1.000;1.000;1.000;1.000;0.000;0.000;0.000;0.000;0.000;0.000;0.000;0.000;0.000;0.000;0.000;0.000
BE;ENIL;AM;2015;P;25.03.2015;0;NA;1;BAL;365.000;60.000;30.000;1.000;1.000;1.000;1.000;1.000;1.000;0.000;0.000;0.000;0.000;0.000;0.000;0.000;0.000;0.000;0.000;0.000;0.000
BE;ENIL;AM;2015;E;08.07.2015;0;NA;1;BAL;365.000;60.000;30.000;1.000;1.000;1.000;1.000;1.000;1.000;0.000;0.000;0.000;0.000;0.000;0.000;0.000;0.000;0.000;0.000;0.000;0.000
BE;ENIL;AM;2016;P;18.03.2016;0;NA;1;BAL;365.000;60.000;30.000;1.000;1.000;1.000;1.000;1.000;1.000;0.000;0.000;0.000;0.000;0.000;0.000;0.000;0.000;0.000;0.000;0.000;0.000
BE;ENIL;AM;2016;E;28.06.2016;0;NA;1;BAL;365.000;60.000;30.000;1.000;1.000;1.000;1.000;1.000;1.000;0.000;0.000;0.000;0.000;0.000;0.000;0.000;0.000;0.000;0.000;0.000;0.000
BE;ENIL;AV;2007;P;28.03.2007;0;NA;1;BAL;365.000;60.000;30.000;1.000;1.000;1.000;1.000;1.000;1.000;0.000;0.000;0.000;0.000;0.000;0.000;0.000;0.000;0.000;0.000;0.000;0.000
BE;ENIL;AV;2007;E;20.07.2007;0;NA;1;BAL;365.000;60.000;30.000;1.000;1.000;1.000;1.000;1.000;1.000;0.000;0.000;0.000;0.000;0.000;0.000;0.000;0.000;0.000;0.000;0.000;0.000
BE;ENIL;AV;2009;P;31.03.2009;0;NA;1;BAL;365.000;60.000;30.000;1.000;1.000;1.000;1.000;1.000;1.000;0.000;0.000;0.000;0.000;0.000;0.000;0.000;0.000;0.000;0.000;0.000;0.000
BE;ENIL;AV;2009;E;23.07.2009;0;NA;1;BAL;365.000;60.000;30.000;1.000;1.000;1.000;1.000;1.000;1.000;0.000;0.000;0.000;0.000;0.000;0.000;0.000;0.000;0.000;0.000;0.000;0.000
BE;ENIL;AV;2011;P;28.03.2011;0;NA;1;BAL;365.000;60.000;30.000;1.000;1.000;1.000;1.000;1.000;1.000;0.000;0.000;0.000;0.000;0.000;0.000;0.000;0.000;0.000;0.000;0.000;0.000
BE;ENIL;AV;2011;E;16.07.2011;0;NA;1;BAL;365.000;60.000;30.000;1.000;1.000;1.000;1.000;1.000;1.000;0.000;0.000;0.000;0.000;0.000;0.000;0.000;0.000;0.000;0.000;0.000;0.000
BE;ENIL;AV;2012;P;21.03.2012;0;NA;1;BAL;365.000;60.000;30.000;1.000;1.000;1.000;1.000;1.000;1.000;0.000;0.000;0.000;0.000;0.000;0.000;0.000;0.000;0.000;0.000;0.000;0.000
BE;ENIL;AV;2012;E;29.06.2012;0;NA;1;BAL;365.000;60.000;30.000;1.000;1.000;1.000;1.000;1.000;1.000;0.000;0.000;0.000;0.000;0.000;0.000;0.000;0.000;0.000;0.000;0.000;0.000
BE;ENIL;AV;2013;P;18.03.2013;0;NA;1;BAL;365.000;60.000;30.000;1.000;1.000;1.000;1.000;1.000;1.000;0.000;0.000;0.000;0.000;0.000;0.000;0.000;0.000;0.000;0.000;0.000;0.000
BE;ENIL;AV;2013;E;27.06.2013;0;NA;1;BAL;365.000;60.000;30.000;1.000;1.000;1.000;1.000;1.000;1.000;0.000;0.000;0.000;0.000;0.000;0.000;0.000;0.000;0.000;0.000;0.000;0.000
BE;ENIL;AV;2015;P;25.03.2015;0;NA;1;BAL;365.000;60.000;30.000;1.000;1.000;1.000;1.000;1.000;1.000;0.000;0.000;0.000;0.000;0.000;0.000;0.000;0.000;0.000;0.000;0.000;0.000
BE;ENIL;AV;2015;E;08.07.2015;0;NA;1;BAL;365.000;60.000;30.000;1.000;1.000;1.000;1.000;1.000;1.000;0.000;0.000;0.000;0.000;0.000;0.000;0.000;0.000;0.000;0.000;0.000;0.000
BE;ENIL;AV;2016;P;18.03.2016;0;NA;1;BAL;365.000;60.000;30.000;1.000;1.000;1.000;1.000;1.000;1.000;0.000;0.000;0.000;0.000;0.000;0.000;0.000;0.000;0.000;0.000;0.000;0.000
BE;ENIL;AV;2016;E;28.06.2016;0;NA;1;BAL;365.000;60.000;30.000;1.000;1.000;1.000;1.000;1.000;1.000;0.000;0.000;0.000;0.000;0.000;0.000;0.000;0.000;0.000;0.000;0.000;0.000
BE;ENIL;AVN;2007;P;28.03.2007;0;NA;1;BAL;365.000;60.000;30.000;1.000;1.000;1.000;1.000;1.000;1.000;0.000;0.000;0.000;0.000;0.000;0.000;0.000;0.000;0.000;0.000;0.000;0.000
BE;ENIL;AVN;2007;E;20.07.2007;0;NA;1;BAL;365.000;60.000;30.000;1.000;1.000;1.000;1.000;1.000;1.000;0.000;0.000;0.000;0.000;0.000;0.000;0.000;0.000;0.000;0.000;0.000;0.000
BE;ENIL;AVN;2009;P;31.03.2009;0;NA;1;BAL;365.000;60.000;30.000;1.000;1.000;1.000;1.000;1.000;1.000;0.000;0.000;0.000;0.000;0.000;0.000;0.000;0.000;0.000;0.000;0.000;0.000
BE;ENIL;AVN;2009;E;23.07.2009;0;NA;1;BAL;365.000;60.000;30.000;1.000;1.000;1.000;1.000;1.000;1.000;0.000;0.000;0.000;0.000;0.000;0.000;0.000;0.000;0.000;0.000;0.000;0.000
BE;ENIL;AVN;2011;P;28.03.2011;0;NA;1;BAL;365.000;60.000;30.000;1.000;1.000;1.000;1.000;1.000;1.000;0.000;0.000;0.000;0.000;0.000;0.000;0.000;0.000;0.000;0.000;0.000;0.000
BE;ENIL;AVN;2011;E;16.07.2011;0;NA;1;BAL;365.000;60.000;30.000;1.000;1.000;1.000;1.000;1.000;1.000;0.000;0.000;0.000;0.000;0.000;0.000;0.000;0.000;0.000;0.000;0.000;0.000
BE;ENIL;AVN;2012;P;21.03.2012;0;NA;1;BAL;365.000;60.000;30.000;1.000;1.000;1.000;1.000;1.000;1.000;0.000;0.000;0.000;0.000;0.000;0.000;0.000;0.000;0.000;0.000;0.000;0.000
BE;ENIL;AVN;2012;E;29.06.2012;0;NA;1;BAL;365.000;60.000;30.000;1.000;1.000;1.000;1.000;1.000;1.000;0.000;0.000;0.000;0.000;0.000;0.000;0.000;0.000;0.000;0.000;0.000;0.000
BE;ENIL;AVN;2013;P;18.03.2013;0;NA;1;BAL;365.000;60.000;30.000;1.000;1.000;1.000;1.000;1.000;1.000;0.000;0.000;0.000;0.000;0.000;0.000;0.000;0.000;0.000;0.000;0.000;0.000
BE;ENIL;AVN;2013;E;27.06.2013;0;NA;1;BAL;365.000;60.000;30.000;1.000;1.000;1.000;1.000;1.000;1.000;0.000;0.000;0.000;0.000;0.000;0.000;0.000;0.000;0.000;0.000;0.000;0.000
BE;ENIL;AVN;2015;P;25.03.2015;0;NA;1;BAL;365.000;60.000;30.000;1.000;1.000;1.000;1.000;1.000;1.000;0.000;0.000;0.000;0.000;0.000;0.000;0.000;0.000;0.000;0.000;0.000;0.000
BE;ENIL;AVN;2015;E;08.07.2015;0;NA;1;BAL;365.000;60.000;30.000;1.000;1.000;1.000;1.000;1.000;1.000;0.000;0.000;0.000;0.000;0.000;0.000;0.000;0.000;0.000;0.000;0.000;0.000
BE;ENIL;AVN;2016;P;18.03.2016;0;NA;1;BAL;365.000;60.000;30.000;1.000;1.000;1.000;1.000;1.000;1.000;0.000;0.000;0.000;0.000;0.000;0.000;0.000;0.000;0.000;0.000;0.000;0.000
BE;ENIL;AVN;2016;E;28.06.2016;0;NA;1;BAL;365.000;60.000;30.000;1.000;1.000;1.000;1.000;1.000;1.000;0.000;0.000;0.000;0.000;0.000;0.000;0.000;0.000;0.000;0.000;0.000;0.000
BE;FOUR;AM;2003;E;22.07.2003;207;NA;2;BAL;NA;NA;NA;NA;NA;NA;NA;NA;NA;NA;NA;NA;NA;NA;NA;NA;NA;NA;NA;NA;NA
BE;FOUR;AM;2004;P;01.04.2004;207;NA;2;BAL;NA;NA;NA;NA;NA;NA;NA;NA;NA;NA;NA;NA;NA;NA;NA;NA;NA;NA;NA;NA;NA
BE;FOUR;AM;2007;P;05.04.2007;167;NA;2;BAL;32.125;7.542;1.667;40.000;6.000;3.000;0.088;0.126;0.056;0.000;0.000;0.000;0.000;0.000;0.000;0.000;0.000;0.000;28.333;52.458;332.875
BE;FOUR;AM;2007;E;23.08.2007;167;NA;2;BAL;44.875;14.750;5.292;42.000;6.000;5.000;0.123;0.246;0.176;0.000;0.000;0.000;0.000;0.000;0.000;0.000;0.000;0.000;24.708;45.250;320.125
BE;FOUR;AM;2009;P;06.04.2009;167;NA;2;BAL;10.333;0.000;0.000;16.000;0.000;0.000;0.028;0.000;0.000;0.000;0.000;0.000;0.000;0.000;0.000;0.000;0.000;0.000;30.000;60.000;354.667
BE;FOUR;AM;2009;E;24.07.2009;167;NA;2;BAL;7.333;0.000;0.000;13.000;0.000;0.000;0.020;0.000;0.000;0.000;0.000;0.000;0.000;0.000;0.000;0.000;0.000;0.000;30.000;60.000;357.667
BE;FOUR;AM;2011;P;28.03.2011;167;NA;2;BAL;9.250;0.000;0.000;10.000;0.000;0.000;0.025;0.000;0.000;0.000;0.000;0.000;0.000;0.000;0.000;0.000;0.000;0.000;30.000;60.000;355.750
BE;FOUR;AM;2011;E;16.07.2011;167;NA;2;BAL;6.542;0.333;0.333;7.000;1.000;1.000;0.018;0.006;0.011;0.000;0.000;0.000;0.000;0.000;0.000;0.000;0.000;0.000;29.667;59.667;358.458
BE;FOUR;AM;2012;P;22.03.2012;167;NA;2;BAL;116.083;36.125;11.875;79.000;24.000;14.000;0.318;0.602;0.396;0.000;0.000;0.000;0.000;0.000;0.000;0.000;0.000;0.000;18.125;23.875;248.917
BE;FOUR;AM;2012;E;29.06.2012;167;NA;2;BAL;127.292;1.875;1.333;97.000;3.000;1.000;0.349;0.031;0.044;0.000;0.000;0.000;0.000;0.000;0.000;0.000;0.000;0.000;28.667;58.125;237.708
BE;FOUR;AM;2013;P;20.03.2013;167;NA;2;BAL;92.875;21.958;6.083;96.000;27.000;13.000;0.254;0.366;0.203;0.000;0.000;0.000;0.000;0.000;0.000;0.000;0.000;0.000;23.917;38.042;272.125
BE;FOUR;AM;2013;E;26.06.2013;167;NA;2;BAL;95.208;3.417;0.958;106.000;10.000;5.000;0.261;0.057;0.032;0.000;0.000;0.000;0.000;0.000;0.000;0.000;0.000;0.000;29.042;56.583;269.792
BE;FOUR;AM;2015;P;25.03.2015;167;NA;2;BAL;1.000;1.000;1.000;1.000;1.000;1.000;0.003;0.017;0.033;0.000;0.000;0.000;0.000;0.000;0.000;0.000;0.000;0.000;29.000;59.000;364.000
BE;FOUR;AM;2015;E;09.07.2015;167;NA;2;BAL;37.333;1.292;0.208;34.000;4.000;1.000;0.102;0.022;0.007;0.000;0.000;0.000;0.000;0.000;0.000;0.000;0.000;0.000;29.792;58.708;327.667
BE;FOUR;AM;2016;P;18.03.2016;167;NA;2;BAL;19.708;0.625;0.000;16.000;2.000;0.000;0.054;0.010;0.000;0.000;0.000;0.000;0.000;0.000;0.000;0.000;0.000;0.000;30.000;59.375;345.292
BE;FOUR;AM;2016;E;27.06.2016;167;NA;2;BAL;23.833;14.458;14.417;26.000;15.000;14.000;0.065;0.241;0.481;0.000;0.000;0.000;0.000;0.000;0.000;0.000;0.000;0.000;15.583;45.542;341.167
BE;FOUR;AV;2003;E;22.07.2003;207;C;2;BAL;NA;NA;NA;NA;NA;NA;NA;NA;NA;NA;NA;NA;NA;NA;NA;NA;NA;NA;NA;NA;NA
BE;FOUR;AV;2004;P;01.04.2004;207;C;2;BAL;NA;NA;NA;NA;NA;NA;NA;NA;NA;NA;NA;NA;NA;NA;NA;NA;NA;NA;NA;NA;NA
BE;FOUR;AV;2007;P;05.04.2007;167;C;2;BAL;32.125;7.542;1.667;40.000;6.000;3.000;0.088;0.126;0.056;238.625;38.000;20.167;362.000;57.000;28.000;0.654;0.633;0.672;8.166;14.458;94.250
BE;FOUR;AV;2007;E;23.08.2007;167;C;2;BAL;44.875;14.750;5.292;42.000;6.000;5.000;0.123;0.246;0.176;235.500;36.417;19.667;330.000;38.000;22.000;0.645;0.607;0.656;5.041;8.833;84.625
BE;FOUR;AV;2009;P;06.04.2009;167;C;2;BAL;10.333;0.000;0.000;16.000;0.000;0.000;0.028;0.000;0.000;208.917;31.417;16.542;432.000;72.000;31.000;0.572;0.524;0.551;13.458;28.583;145.750
BE;FOUR;AV;2009;E;24.07.2009;167;C;2;BAL;7.333;0.000;0.000;13.000;0.000;0.000;0.020;0.000;0.000;210.583;42.917;21.542;429.000;61.000;30.000;0.577;0.715;0.718;8.458;17.083;147.084
BE;FOUR;AV;2011;P;28.03.2011;167;C;2;BAL;9.250;0.000;0.000;10.000;0.000;0.000;0.025;0.000;0.000;205.792;34.583;16.667;431.000;66.000;31.000;0.564;0.576;0.556;13.333;25.417;149.958
BE;FOUR;AV;2011;E;16.07.2011;167;C;2;BAL;6.542;0.333;0.333;7.000;1.000;1.000;0.018;0.006;0.011;203.333;35.750;18.750;441.000;72.000;35.000;0.557;0.596;0.625;10.917;23.917;155.125
BE;FOUR;AV;2012;P;22.03.2012;167;C;2;BAL;116.083;36.125;11.875;79.000;24.000;14.000;0.318;0.602;0.396;147.375;16.208;12.083;371.000;52.000;34.000;0.404;0.270;0.403;6.042;7.667;101.542
BE;FOUR;AV;2012;E;29.06.2012;167;C;2;BAL;127.292;1.875;1.333;97.000;3.000;1.000;0.349;0.031;0.044;154.083;43.583;22.083;348.000;55.000;25.000;0.422;0.726;0.736;6.584;14.542;83.625
BE;FOUR;AV;2013;P;21.03.2013;167;C;2;BAL;93.250;22.292;5.958;96.000;27.000;13.000;0.255;0.372;0.199;187.417;27.875;16.500;354.000;59.000;37.000;0.513;0.465;0.550;7.542;9.833;84.333
BE;FOUR;AV;2013;E;26.06.2013;167;C;2;BAL;95.208;3.417;0.958;106.000;10.000;5.000;0.261;0.057;0.032;188.000;42.750;23.625;345.000;49.000;22.000;0.515;0.713;0.788;5.417;13.833;81.792
BE;FOUR;AV;2015;P;09.07.2015;167;C;2;BAL;37.333;1.292;0.208;34.000;4.000;1.000;0.102;0.022;0.007;241.208;40.000;18.958;294.000;53.000;29.000;0.661;0.667;0.632;10.834;18.708;86.459
BE;FOUR;AV;2015;E;26.03.2015;167;C;2;BAL;1.000;1.000;1.000;1.000;1.000;1.000;0.003;0.017;0.033;257.458;42.292;21.125;283.000;56.000;26.000;0.705;0.705;0.704;7.875;16.708;106.542
BE;FOUR;AV;2016;P;18.03.2016;167;C;2;BAL;19.708;0.625;0.000;16.000;2.000;0.000;0.054;0.010;0.000;221.458;41.000;20.708;318.000;55.000;31.000;0.607;0.683;0.690;9.292;18.375;123.834
BE;FOUR;AV;2016;E;27.06.2016;167;C;2;BAL;23.833;14.458;14.417;26.000;15.000;14.000;0.065;0.241;0.481;225.083;36.125;13.500;319.000;52.000;29.000;0.617;0.602;0.450;2.083;9.417;116.084
BE;LUCE;AM;2003;E;21.07.2003;0;NA;2;BAL;NA;NA;NA;NA;NA;NA;NA;NA;NA;NA;NA;NA;NA;NA;NA;NA;NA;NA;NA;NA;NA
BE;LUCE;AM;2004;P;29.03.2004;0;NA;2;BAL;NA;NA;NA;NA;NA;NA;NA;NA;NA;NA;NA;NA;NA;NA;NA;NA;NA;NA;NA;NA;NA
BE;LUCE;AM;2007;P;28.03.2007;0;NA;2;BAL;365.000;60.000;30.000;1.000;1.000;1.000;1.000;1.000;1.000;0.000;0.000;0.000;0.000;0.000;0.000;0.000;0.000;0.000;0.000;0.000;0.000
BE;LUCE;AM;2007;E;23.08.2007;0;NA;2;BAL;365.000;60.000;30.000;1.000;1.000;1.000;1.000;1.000;1.000;0.000;0.000;0.000;0.000;0.000;0.000;0.000;0.000;0.000;0.000;0.000;0.000
BE;LUCE;AM;2009;P;31.03.2009;0;NA;2;BAL;365.000;60.000;30.000;1.000;1.000;1.000;1.000;1.000;1.000;0.000;0.000;0.000;0.000;0.000;0.000;0.000;0.000;0.000;0.000;0.000;0.000
BE;LUCE;AM;2009;E;24.07.2009;0;NA;2;BAL;365.000;60.000;30.000;1.000;1.000;1.000;1.000;1.000;1.000;0.000;0.000;0.000;0.000;0.000;0.000;0.000;0.000;0.000;0.000;0.000;0.000
BE;LUCE;AM;2011;P;28.03.2011;0;NA;2;BAL;365.000;60.000;30.000;1.000;1.000;1.000;1.000;1.000;1.000;0.000;0.000;0.000;0.000;0.000;0.000;0.000;0.000;0.000;0.000;0.000;0.000
BE;LUCE;AM;2011;E;16.07.2011;0;NA;2;BAL;365.000;60.000;30.000;1.000;1.000;1.000;1.000;1.000;1.000;0.000;0.000;0.000;0.000;0.000;0.000;0.000;0.000;0.000;0.000;0.000;0.000
BE;LUCE;AM;2012;P;22.03.2012;0;NA;2;BAL;365.000;60.000;30.000;1.000;1.000;1.000;1.000;1.000;1.000;0.000;0.000;0.000;0.000;0.000;0.000;0.000;0.000;0.000;0.000;0.000;0.000
BE;LUCE;AM;2012;E;29.06.2012;0;NA;2;BAL;365.000;60.000;30.000;1.000;1.000;1.000;1.000;1.000;1.000;0.000;0.000;0.000;0.000;0.000;0.000;0.000;0.000;0.000;0.000;0.000;0.000
BE;LUCE;AM;2013;P;20.03.2013;0;NA;2;BAL;365.000;60.000;30.000;1.000;1.000;1.000;1.000;1.000;1.000;0.000;0.000;0.000;0.000;0.000;0.000;0.000;0.000;0.000;0.000;0.000;0.000
BE;LUCE;AM;2013;E;26.06.2013;0;NA;2;BAL;365.000;60.000;30.000;1.000;1.000;1.000;1.000;1.000;1.000;0.000;0.000;0.000;0.000;0.000;0.000;0.000;0.000;0.000;0.000;0.000;0.000
BE;LUCE;AM;2015;P;26.03.2015;0;NA;2;BAL;365.000;60.000;30.000;1.000;1.000;1.000;1.000;1.000;1.000;0.000;0.000;0.000;0.000;0.000;0.000;0.000;0.000;0.000;0.000;0.000;0.000
BE;LUCE;AM;2015;E;09.07.2015;0;NA;2;BAL;365.000;60.000;30.000;1.000;1.000;1.000;1.000;1.000;1.000;0.000;0.000;0.000;0.000;0.000;0.000;0.000;0.000;0.000;0.000;0.000;0.000
BE;LUCE;AM;2016;P;18.03.2016;0;NA;2;BAL;365.000;60.000;30.000;1.000;1.000;1.000;1.000;1.000;1.000;0.000;0.000;0.000;0.000;0.000;0.000;0.000;0.000;0.000;0.000;0.000;0.000
BE;LUCE;AM;2016;E;29.06.2016;0;NA;2;BAL;365.000;60.000;30.000;1.000;1.000;1.000;1.000;1.000;1.000;0.000;0.000;0.000;0.000;0.000;0.000;0.000;0.000;0.000;0.000;0.000;0.000
BE;LUCE;AV;2003;E;21.07.2003;0;NA;2;BAL;NA;NA;NA;NA;NA;NA;NA;NA;NA;NA;NA;NA;NA;NA;NA;NA;NA;NA;NA;NA;NA
BE;LUCE;AV;2004;P;29.03.2004;0;NA;2;BAL;NA;NA;NA;NA;NA;NA;NA;NA;NA;NA;NA;NA;NA;NA;NA;NA;NA;NA;NA;NA;NA
BE;LUCE;AV;2007;P;28.03.2007;0;NA;2;BAL;365.000;60.000;30.000;1.000;1.000;1.000;1.000;1.000;1.000;0.000;0.000;0.000;0.000;0.000;0.000;0.000;0.000;0.000;0.000;0.000;0.000
BE;LUCE;AV;2007;E;20.07.2007;0;NA;2;BAL;365.000;60.000;30.000;1.000;1.000;1.000;1.000;1.000;1.000;0.000;0.000;0.000;0.000;0.000;0.000;0.000;0.000;0.000;0.000;0.000;0.000
BE;LUCE;AV;2009;P;31.03.2009;0;NA;2;BAL;365.000;60.000;30.000;1.000;1.000;1.000;1.000;1.000;1.000;0.000;0.000;0.000;0.000;0.000;0.000;0.000;0.000;0.000;0.000;0.000;0.000
BE;LUCE;AV;2009;E;23.07.2009;0;NA;2;BAL;365.000;60.000;30.000;1.000;1.000;1.000;1.000;1.000;1.000;0.000;0.000;0.000;0.000;0.000;0.000;0.000;0.000;0.000;0.000;0.000;0.000
BE;LUCE;AV;2011;P;28.03.2011;0;NA;2;BAL;365.000;60.000;30.000;1.000;1.000;1.000;1.000;1.000;1.000;0.000;0.000;0.000;0.000;0.000;0.000;0.000;0.000;0.000;0.000;0.000;0.000
BE;LUCE;AV;2011;E;16.07.2011;0;NA;2;BAL;365.000;60.000;30.000;1.000;1.000;1.000;1.000;1.000;1.000;0.000;0.000;0.000;0.000;0.000;0.000;0.000;0.000;0.000;0.000;0.000;0.000
BE;LUCE;AV;2012;P;22.03.2012;0;NA;2;BAL;365.000;60.000;30.000;1.000;1.000;1.000;1.000;1.000;1.000;0.000;0.000;0.000;0.000;0.000;0.000;0.000;0.000;0.000;0.000;0.000;0.000
BE;LUCE;AV;2012;E;29.06.2012;0;NA;2;BAL;365.000;60.000;30.000;1.000;1.000;1.000;1.000;1.000;1.000;0.000;0.000;0.000;0.000;0.000;0.000;0.000;0.000;0.000;0.000;0.000;0.000
BE;LUCE;AV;2013;P;20.03.2013;0;NA;2;BAL;365.000;60.000;30.000;1.000;1.000;1.000;1.000;1.000;1.000;0.000;0.000;0.000;0.000;0.000;0.000;0.000;0.000;0.000;0.000;0.000;0.000
BE;LUCE;AV;2013;E;26.06.2013;0;NA;2;BAL;365.000;60.000;30.000;1.000;1.000;1.000;1.000;1.000;1.000;0.000;0.000;0.000;0.000;0.000;0.000;0.000;0.000;0.000;0.000;0.000;0.000
BE;LUCE;AV;2015;P;26.03.2015;0;NA;2;BAL;365.000;60.000;30.000;1.000;1.000;1.000;1.000;1.000;1.000;0.000;0.000;0.000;0.000;0.000;0.000;0.000;0.000;0.000;0.000;0.000;0.000
BE;LUCE;AV;2015;E;09.07.2015;0;NA;2;BAL;365.000;60.000;30.000;1.000;1.000;1.000;1.000;1.000;1.000;0.000;0.000;0.000;0.000;0.000;0.000;0.000;0.000;0.000;0.000;0.000;0.000
BE;LUCE;AV;2016;P;18.03.2016;0;NA;2;BAL;365.000;60.000;30.000;1.000;1.000;1.000;1.000;1.000;1.000;0.000;0.000;0.000;0.000;0.000;0.000;0.000;0.000;0.000;0.000;0.000;0.000
BE;LUCE;AV;2016;E;29.06.2016;0;NA;2;BAL;365.000;60.000;30.000;1.000;1.000;1.000;1.000;1.000;1.000;0.000;0.000;0.000;0.000;0.000;0.000;0.000;0.000;0.000;0.000;0.000;0.000
BE;LUIS;AM;2003;E;22.07.2003;229;NA;2;BALSER;NA;NA;NA;NA;NA;NA;NA;NA;NA;NA;NA;NA;NA;NA;NA;NA;NA;NA;NA;NA;NA
BE;LUIS;AM;2004;P;01.04.2004;229;NA;2;BALSER;NA;NA;NA;NA;NA;NA;NA;NA;NA;NA;NA;NA;NA;NA;NA;NA;NA;NA;NA;NA;NA
BE;LUIS;AM;2007;P;05.04.2007;229;NA;2;BALSER;18.958;4.625;0.708;24.000;3.000;2.000;0.052;0.077;0.024;0.000;0.000;0.000;0.000;0.000;0.000;0.000;0.000;0.000;29.292;55.375;346.042
BE;LUIS;AM;2007;E;24.07.2007;229;NA;2;BALSER;24.000;8.208;6.667;26.000;8.000;3.000;0.066;0.137;0.222;0.000;0.000;0.000;0.000;0.000;0.000;0.000;0.000;0.000;23.333;51.792;341.000
BE;LUIS;AM;2009;P;07.04.2009;229;NA;2;BALSER;6.875;0.000;0.000;9.000;0.000;0.000;0.019;0.000;0.000;0.000;0.000;0.000;0.000;0.000;0.000;0.000;0.000;0.000;30.000;60.000;358.125
BE;LUIS;AM;2009;E;24.07.2009;229;NA;2;BALSER;4.708;0.000;0.000;8.000;0.000;0.000;0.013;0.000;0.000;0.000;0.000;0.000;0.000;0.000;0.000;0.000;0.000;0.000;30.000;60.000;360.292
BE;LUIS;AM;2011;P;29.03.2011;229;NA;2;BALSER;6.833;0.000;0.000;10.000;0.000;0.000;0.019;0.000;0.000;0.000;0.000;0.000;0.000;0.000;0.000;0.000;0.000;0.000;30.000;60.000;358.167
BE;LUIS;AM;2011;E;11.09.2011;229;NA;2;BALSER;11.667;6.750;0.667;16.000;9.000;4.000;0.032;0.113;0.022;0.000;0.000;0.000;0.000;0.000;0.000;0.000;0.000;0.000;29.333;53.250;353.333
BE;LUIS;AM;2012;P;20.03.2012;229;NA;2;BALSER;89.542;30.875;8.708;67.000;28.000;14.000;0.245;0.515;0.290;0.000;0.000;0.000;0.000;0.000;0.000;0.000;0.000;0.000;21.292;29.125;275.458
BE;LUIS;AM;2012;E;28.06.2012;229;NA;2;BALSER;98.083;1.542;1.208;80.000;2.000;1.000;0.269;0.026;0.040;0.000;0.000;0.000;0.000;0.000;0.000;0.000;0.000;0.000;28.792;58.458;266.917
BE;LUIS;AM;2013;P;13.03.2013;229;NA;2;BALSER;61.333;10.958;1.500;59.000;14.000;8.000;0.168;0.183;0.050;0.000;0.000;0.000;0.000;0.000;0.000;0.000;0.000;0.000;28.500;49.042;303.667
BE;LUIS;AM;2013;E;25.06.2013;229;NA;2;BALSER;57.500;0.625;0.083;60.000;3.000;1.000;0.158;0.010;0.003;0.000;0.000;0.000;0.000;0.000;0.000;0.000;0.000;0.000;29.917;59.375;307.500
BE;LUIS;AM;2015;P;24.03.2015;229;NA;2;BALSER;10.417;0.500;0.500;14.000;1.000;1.000;0.029;0.008;0.017;0.000;0.000;0.000;0.000;0.000;0.000;0.000;0.000;0.000;29.500;59.500;354.583
BE;LUIS;AM;2015;E;06.07.2015;229;NA;2;BALSER;20.250;2.292;0.208;22.000;7.000;1.000;0.055;0.038;0.007;0.000;0.000;0.000;0.000;0.000;0.000;0.000;0.000;0.000;29.792;57.708;344.750
BE;LUIS;AM;2016;P;17.03.2016;229;NA;2;BALSER;16.250;0.292;0.000;18.000;1.000;0.000;0.045;0.005;0.000;0.000;0.000;0.000;0.000;0.000;0.000;0.000;0.000;0.000;30.000;59.708;348.750
BE;LUIS;AM;2016;E;28.06.2016;229;NA;2;BALSER;14.792;8.333;8.333;22.000;11.000;11.000;0.041;0.139;0.278;0.000;0.000;0.000;0.000;0.000;0.000;0.000;0.000;0.000;21.667;51.667;350.208
BE;LUIS;AMN;2007;P;05.04.2007;229;NA;2;BALSER;18.958;4.625;0.708;24.000;3.000;2.000;0.052;0.077;0.024;0.000;0.000;0.000;0.000;0.000;0.000;0.000;0.000;0.000;29.292;55.375;346.042
BE;LUIS;AMN;2007;E;24.07.2007;229;NA;2;BALSER;24.000;8.208;6.667;26.000;8.000;3.000;0.066;0.137;0.222;0.000;0.000;0.000;0.000;0.000;0.000;0.000;0.000;0.000;23.333;51.792;341.000
BE;LUIS;AMN;2009;P;07.04.2009;229;NA;2;BALSER;6.875;0.000;0.000;9.000;0.000;0.000;0.019;0.000;0.000;0.000;0.000;0.000;0.000;0.000;0.000;0.000;0.000;0.000;30.000;60.000;358.125
BE;LUIS;AMN;2009;E;24.07.2009;229;NA;2;BALSER;4.708;0.000;0.000;8.000;0.000;0.000;0.013;0.000;0.000;0.000;0.000;0.000;0.000;0.000;0.000;0.000;0.000;0.000;30.000;60.000;360.292
BE;LUIS;AMN;2011;P;29.03.2011;229;NA;2;BALSER;6.833;0.000;0.000;10.000;0.000;0.000;0.019;0.000;0.000;0.000;0.000;0.000;0.000;0.000;0.000;0.000;0.000;0.000;30.000;60.000;358.167
BE;LUIS;AMN;2011;E;11.09.2011;229;NA;2;BALSER;11.667;6.750;0.667;16.000;9.000;4.000;0.032;0.113;0.022;0.000;0.000;0.000;0.000;0.000;0.000;0.000;0.000;0.000;29.333;53.250;353.333
BE;LUIS;AMN;2012;P;20.03.2012;229;NA;2;BALSER;89.542;30.875;8.708;67.000;28.000;14.000;0.245;0.515;0.290;0.000;0.000;0.000;0.000;0.000;0.000;0.000;0.000;0.000;21.292;29.125;275.458
BE;LUIS;AMN;2012;E;28.06.2012;229;NA;2;BALSER;98.083;1.542;1.208;80.000;2.000;1.000;0.269;0.026;0.040;0.000;0.000;0.000;0.000;0.000;0.000;0.000;0.000;0.000;28.792;58.458;266.917
BE;LUIS;AMN;2013;P;19.03.2013;229;NA;2;BALSER;61.542;11.125;1.042;60.000;14.000;6.000;0.169;0.185;0.035;0.000;0.000;0.000;0.000;0.000;0.000;0.000;0.000;0.000;28.958;48.875;303.458
BE;LUIS;AMN;2013;E;25.06.2013;229;NA;2;BALSER;57.500;0.625;0.083;60.000;3.000;1.000;0.158;0.010;0.003;0.000;0.000;0.000;0.000;0.000;0.000;0.000;0.000;0.000;29.917;59.375;307.500
BE;LUIS;AMN;2015;P;24.03.2015;229;NA;2;BALSER;10.417;0.500;0.500;14.000;1.000;1.000;0.029;0.008;0.017;0.000;0.000;0.000;0.000;0.000;0.000;0.000;0.000;0.000;29.500;59.500;354.583
BE;LUIS;AMN;2015;E;06.07.2015;229;NA;2;BALSER;20.250;2.292;0.208;22.000;7.000;1.000;0.055;0.038;0.007;0.000;0.000;0.000;0.000;0.000;0.000;0.000;0.000;0.000;29.792;57.708;344.750
BE;LUIS;AMN;2016;P;17.03.2016;229;NA;2;BALSER;16.250;0.292;0.000;18.000;1.000;0.000;0.045;0.005;0.000;0.000;0.000;0.000;0.000;0.000;0.000;0.000;0.000;0.000;30.000;59.708;348.750
BE;LUIS;AMN;2016;E;28.06.2016;229;NA;2;BALSER;14.792;8.333;8.333;22.000;11.000;11.000;0.041;0.139;0.278;0.000;0.000;0.000;0.000;0.000;0.000;0.000;0.000;0.000;21.667;51.667;350.208
BE;LUIS;AV;2007;P;06.04.2007;229;C;2;BALSER;18.750;4.625;0.167;24.000;3.000;1.000;0.051;0.077;0.006;239.583;38.500;21.583;379.000;59.000;27.000;0.656;0.642;0.719;8.250;16.875;106.667
BE;LUIS;AV;2007;E;20.07.2007;229;C;2;BALSER;24.000;8.208;7.500;26.000;8.000;5.000;0.066;0.137;0.250;238.250;38.625;16.708;367.000;55.000;26.000;0.653;0.644;0.557;5.792;13.167;102.750
BE;LUIS;AV;2009;P;06.04.2009;229;C;2;BALSER;6.875;0.000;0.000;9.000;0.000;0.000;0.019;0.000;0.000;221.792;36.167;19.042;425.000;69.000;31.000;0.608;0.603;0.635;10.958;23.833;136.333
BE;LUIS;AV;2009;E;24.07.2009;229;C;2;BALSER;4.708;0.000;0.000;8.000;0.000;0.000;0.013;0.000;0.000;223.208;43.167;21.542;423.000;60.000;30.000;0.612;0.719;0.718;8.458;16.833;137.084
BE;LUIS;AV;2011;P;29.03.2011;229;C;2;BALSER;6.833;0.000;0.000;10.000;0.000;0.000;0.019;0.000;0.000;209.625;34.208;16.792;432.000;67.000;32.000;0.574;0.570;0.560;13.208;25.792;148.542
BE;LUIS;AV;2011;E;18.07.2011;229;C;2;BALSER;4.917;0.167;0.167;7.000;1.000;1.000;0.013;0.003;0.006;206.333;36.542;19.500;441.000;68.000;33.000;0.565;0.609;0.650;10.333;23.291;153.750
BE;LUIS;AV;2012;P;21.03.2012;229;C;2;BALSER;89.542;30.125;8.708;67.000;27.000;14.000;0.245;0.502;0.290;162.542;18.750;13.375;386.000;67.000;41.000;0.445;0.313;0.446;7.917;11.125;112.916
BE;LUIS;AV;2012;E;28.06.2012;229;C;2;BALSER;98.083;1.542;1.208;80.000;2.000;1.000;0.269;0.026;0.040;170.958;44.708;23.083;365.000;52.000;22.000;0.468;0.745;0.769;5.709;13.750;95.959
BE;LUIS;AV;2013;P;19.03.2013;229;C;2;BALSER;61.542;11.125;1.042;60.000;14.000;6.000;0.169;0.185;0.035;208.000;33.792;19.042;346.000;54.000;34.000;0.570;0.563;0.635;9.916;15.083;95.458
BE;LUIS;AV;2013;E;25.06.2013;229;C;2;BALSER;57.500;0.625;0.083;60.000;3.000;1.000;0.158;0.010;0.003;211.292;43.333;22.708;330.000;50.000;25.000;0.579;0.722;0.757;7.209;16.042;96.208
BE;LUIS;AV;2015;P;24.03.2015;229;C;2;BALSER;10.417;0.500;0.500;14.000;1.000;1.000;0.029;0.008;0.017;221.083;8.792;3.792;317.000;70.000;34.000;0.606;0.147;0.126;25.708;50.708;133.500
BE;LUIS;AV;2015;E;06.07.2015;229;C;2;BALSER;20.250;2.292;0.208;22.000;7.000;1.000;0.055;0.038;0.007;177.292;23.792;11.958;367.000;81.000;41.000;0.486;0.397;0.399;17.834;33.916;167.458
BE;LUIS;AV;2016;P;16.03.2016;229;C;2;BALSER;16.250;0.292;0.000;18.000;1.000;0.000;0.045;0.005;0.000;98.917;11.750;5.042;438.000;76.000;39.000;0.271;0.196;0.168;24.958;47.958;249.833
BE;LUIS;AV;2016;E;27.06.2016;229;C;2;BALSER;14.792;8.333;8.333;22.000;11.000;11.000;0.041;0.139;0.278;114.542;27.375;14.208;427.000;57.000;25.000;0.314;0.456;0.474;7.459;24.292;235.666
BE;MOIR;AM;2007;P;06.04.2007;417;229;2;BALSER;4.333;1.458;0.000;5.000;1.000;0.000;0.012;0.024;0.000;14.542;3.167;0.167;28.000;4.000;1.000;0.040;0.053;0.006;29.792;55.333;346.250
BE;MOIR;AM;2007;E;19.07.2007;417;229;2;BALSER;5.625;2.125;2.125;6.000;2.000;2.000;0.015;0.035;0.071;18.500;6.083;5.542;31.000;10.000;8.000;0.051;0.101;0.185;22.333;51.792;341.000
BE;MOIR;AM;2009;P;07.04.2009;417;229;2;BALSER;2.333;0.000;0.000;3.000;0.000;0.000;0.006;0.000;0.000;4.625;0.000;0.000;11.000;0.000;0.000;0.013;0.000;0.000;30.000;60.000;358.167
BE;MOIR;AM;2009;E;22.07.2009;417;229;2;BALSER;1.250;0.000;0.000;2.000;0.000;0.000;0.003;0.000;0.000;3.542;0.000;0.000;9.000;0.000;0.000;0.010;0.000;0.000;30.000;60.000;360.333
BE;MOIR;AM;2011;P;29.03.2011;417;229;2;BALSER;2.042;0.000;0.000;5.000;0.000;0.000;0.006;0.000;0.000;5.083;0.000;0.000;13.000;0.000;0.000;0.014;0.000;0.000;30.000;60.000;358.208
BE;MOIR;AM;2011;E;11.09.2011;417;229;2;BALSER;3.000;1.625;0.000;7.000;4.000;0.000;0.008;0.027;0.000;9.000;5.292;0.667;21.000;12.000;4.000;0.025;0.088;0.022;29.333;53.417;353.583
BE;MOIR;AM;2012;P;21.03.2012;417;229;2;BALSER;41.583;11.375;1.083;65.000;23.000;3.000;0.114;0.190;0.036;49.333;18.792;7.667;126.000;48.000;16.000;0.135;0.313;0.256;21.458;30.458;276.750
BE;MOIR;AM;2012;E;09.07.2012;417;229;2;BALSER;41.667;0.000;0.000;66.000;0.000;0.000;0.114;0.000;0.000;58.083;1.750;1.417;141.000;4.000;3.000;0.159;0.029;0.047;28.583;58.250;268.292
BE;MOIR;AM;2013;P;19.03.2013;417;229;2;BALSER;17.208;1.542;0.000;16.000;3.000;0.000;0.047;0.026;0.000;44.875;9.833;1.042;72.000;15.000;6.000;0.123;0.164;0.035;29.000;48.875;304.208
BE;MOIR;AM;2013;E;24.06.2013;417;229;2;BALSER;17.125;0.000;0.000;15.000;0.000;0.000;0.047;0.000;0.000;40.833;1.500;0.083;72.000;4.000;1.000;0.112;0.025;0.003;29.917;58.500;307.958
BE;MOIR;AM;2015;P;25.03.2015;417;229;2;BALSER;1.083;0.000;0.000;4.000;0.000;0.000;0.003;0.000;0.000;9.458;0.500;0.500;16.000;1.000;1.000;0.026;0.008;0.017;29.542;59.542;355.000
BE;MOIR;AM;2015;E;06.07.2015;417;229;2;BALSER;7.250;0.292;0.000;10.000;3.000;0.000;0.020;0.005;0.000;14.125;2.292;0.208;29.000;7.000;1.000;0.039;0.038;0.007;29.250;57.125;344.750
BE;MOIR;AM;2016;P;17.03.2016;417;229;2;BALSER;7.167;0.000;0.000;7.000;0.000;0.000;0.020;0.000;0.000;10.083;0.292;0.000;24.000;1.000;0.000;0.028;0.005;0.000;30.000;59.708;348.583
BE;MOIR;AM;2016;E;16.06.2016;417;229;2;BALSER;1.542;0.542;0.542;2.000;1.000;1.000;0.004;0.009;0.018;8.833;3.208;3.167;22.000;10.000;9.000;0.024;0.053;0.106;26.500;56.458;355.083
BE;MOIR;AMN;2007;P;06.04.2007;417;229;2;BALSER;4.333;1.458;0.000;5.000;1.000;0.000;0.012;0.024;0.000;14.542;3.167;0.167;28.000;4.000;1.000;0.040;0.053;0.006;29.792;55.333;346.250
BE;MOIR;AMN;2007;E;19.07.2007;417;229;2;BALSER;5.625;2.125;2.125;6.000;2.000;2.000;0.015;0.035;0.071;18.500;6.083;5.542;31.000;10.000;8.000;0.051;0.101;0.185;22.333;51.792;341.000
BE;MOIR;AMN;2009;P;07.04.2009;417;229;2;BALSER;2.333;0.000;0.000;3.000;0.000;0.000;0.006;0.000;0.000;4.625;0.000;0.000;11.000;0.000;0.000;0.013;0.000;0.000;30.000;60.000;358.167
BE;MOIR;AMN;2009;E;22.07.2009;417;229;2;BALSER;1.250;0.000;0.000;2.000;0.000;0.000;0.003;0.000;0.000;3.542;0.000;0.000;9.000;0.000;0.000;0.010;0.000;0.000;30.000;60.000;360.333
BE;MOIR;AMN;2011;P;29.03.2011;417;229;2;BALSER;2.042;0.000;0.000;5.000;0.000;0.000;0.006;0.000;0.000;5.083;0.000;0.000;13.000;0.000;0.000;0.014;0.000;0.000;30.000;60.000;358.208
BE;MOIR;AMN;2011;E;11.09.2011;417;229;2;BALSER;3.000;1.625;0.000;7.000;4.000;0.000;0.008;0.027;0.000;9.000;5.292;0.667;21.000;12.000;4.000;0.025;0.088;0.022;29.333;53.417;353.583
BE;MOIR;AMN;2012;P;21.03.2012;417;229;2;BALSER;41.583;11.375;1.083;65.000;23.000;3.000;0.114;0.190;0.036;49.333;18.792;7.667;126.000;48.000;16.000;0.135;0.313;0.256;21.458;30.458;276.750
BE;MOIR;AMN;2012;E;07.09.2012;417;229;2;BALSER;40.042;0.000;0.000;62.000;0.000;0.000;0.110;0.000;0.000;55.125;2.333;0.667;137.000;8.000;3.000;0.151;0.039;0.022;29.333;57.667;272.542
BE;MOIR;AMN;2013;P;19.03.2013;417;229;2;BALSER;17.208;1.542;0.000;16.000;3.000;0.000;0.047;0.026;0.000;44.875;9.833;1.042;72.000;15.000;6.000;0.123;0.164;0.035;29.000;48.875;304.208
BE;MOIR;AMN;2013;E;24.06.2013;417;229;2;BALSER;17.125;0.000;0.000;15.000;0.000;0.000;0.047;0.000;0.000;40.833;1.500;0.083;72.000;4.000;1.000;0.112;0.025;0.003;29.917;58.500;307.958
BE;MOIR;AMN;2014;P;03.04.2014;417;229;2;BALSER;7.250;0.000;0.000;13.000;0.000;0.000;0.020;0.000;0.000;19.542;0.000;0.000;48.000;0.000;0.000;0.054;0.000;0.000;30.000;60.000;339.833
BE;MOIR;AMN;2014;E;10.07.2014;417;229;2;BALSER;7.250;0.000;0.000;13.000;0.000;0.000;0.020;0.000;0.000;16.542;0.583;0.583;41.000;2.000;2.000;0.045;0.010;0.019;29.583;59.583;343.000
BE;MOIR;AMN;2015;P;25.03.2015;417;229;2;BALSER;1.083;0.000;0.000;4.000;0.000;0.000;0.003;0.000;0.000;9.458;0.500;0.500;16.000;1.000;1.000;0.026;0.008;0.017;29.542;59.542;355.000
BE;MOIR;AMN;2015;E;06.07.2015;417;229;2;BALSER;7.250;0.292;0.000;10.000;3.000;0.000;0.020;0.005;0.000;14.125;2.292;0.208;29.000;7.000;1.000;0.039;0.038;0.007;29.250;57.125;344.750
BE;MOIR;AMN;2016;P;17.03.2016;417;229;2;BALSER;7.167;0.000;0.000;7.000;0.000;0.000;0.020;0.000;0.000;10.083;0.292;0.000;24.000;1.000;0.000;0.028;0.005;0.000;30.000;59.708;348.583
BE;MOIR;AMN;2016;E;29.06.2016;417;229;2;BALSER;4.125;3.125;3.125;3.000;2.000;2.000;0.011;0.052;0.104;10.667;5.208;5.208;25.000;13.000;13.000;0.029;0.087;0.174;21.875;51.875;350.667
BE;MOIR;AV;2007;P;06.04.2007;417;229;2;BALSER;4.333;1.458;0.000;5.000;1.000;0.000;0.012;0.024;0.000;14.542;3.167;0.167;28.000;4.000;1.000;0.040;0.053;0.006;29.792;55.333;346.250
BE;MOIR;AV;2007;E;24.07.2007;417;229;2;BALSER;5.625;2.125;2.125;6.000;2.000;2.000;0.015;0.035;0.071;18.500;6.083;4.542;31.000;10.000;5.000;0.051;0.101;0.151;23.333;51.792;341.000
BE;MOIR;AV;2009;P;07.04.2009;417;229;2;BALSER;2.333;0.000;0.000;3.000;0.000;0.000;0.006;0.000;0.000;4.625;0.000;0.000;11.000;0.000;0.000;0.013;0.000;0.000;30.000;60.000;358.167
BE;MOIR;AV;2009;E;24.07.2009;417;229;2;BALSER;1.250;0.000;0.000;2.000;0.000;0.000;0.003;0.000;0.000;3.542;0.000;0.000;9.000;0.000;0.000;0.010;0.000;0.000;30.000;60.000;360.333
BE;MOIR;AV;2011;P;29.03.2011;417;229;2;BALSER;2.042;0.000;0.000;5.000;0.000;0.000;0.006;0.000;0.000;5.083;0.000;0.000;13.000;0.000;0.000;0.014;0.000;0.000;30.000;60.000;358.208
BE;MOIR;AV;2011;E;11.09.2011;417;229;2;BALSER;3.000;1.625;0.000;7.000;4.000;0.000;0.008;0.027;0.000;9.000;5.292;0.667;21.000;12.000;4.000;0.025;0.088;0.022;29.333;53.417;353.583
BE;MOIR;AV;2012;P;21.03.2012;417;229;2;BALSER;41.583;11.375;1.083;65.000;23.000;3.000;0.114;0.190;0.036;49.333;18.792;7.667;126.000;48.000;16.000;0.135;0.313;0.256;21.458;30.458;276.750
BE;MOIR;AV;2012;E;09.07.2012;417;229;2;BALSER;41.667;0.000;0.000;66.000;0.000;0.000;0.114;0.000;0.000;58.083;1.750;1.417;141.000;4.000;3.000;0.159;0.029;0.047;28.583;58.250;268.292
BE;MOIR;AV;2013;P;19.03.2013;417;229;2;BALSER;17.208;1.542;0.000;16.000;3.000;0.000;0.047;0.026;0.000;44.875;9.833;1.042;72.000;15.000;6.000;0.123;0.164;0.035;29.000;48.875;304.208
BE;MOIR;AV;2013;E;25.06.2013;417;229;2;BALSER;17.125;0.000;0.000;15.000;0.000;0.000;0.047;0.000;0.000;40.833;0.625;0.083;72.000;3.000;1.000;0.112;0.010;0.003;29.917;59.375;307.958
BE;MOIR;AV;2015;P;23.03.2015;417;229;2;BALSER;1.083;0.000;0.000;4.000;0.000;0.000;0.003;0.000;0.000;9.458;0.500;0.500;16.000;1.000;1.000;0.026;0.008;0.017;29.542;59.542;355.000
BE;MOIR;AV;2015;E;07.07.2015;417;229;2;BALSER;7.250;0.167;0.000;10.000;2.000;0.000;0.020;0.003;0.000;14.125;1.292;0.208;29.000;7.000;1.000;0.039;0.022;0.007;29.250;58.125;344.750
BE;MOIR;AV;2016;P;17.03.2016;417;229;2;BALSER;7.167;0.000;0.000;7.000;0.000;0.000;0.020;0.000;0.000;10.083;0.292;0.000;24.000;1.000;0.000;0.028;0.005;0.000;30.000;59.708;348.583
BE;MOIR;AV;2016;E;27.06.2016;417;229;2;BALSER;4.125;3.125;3.125;3.000;2.000;2.000;0.011;0.052;0.104;10.667;5.208;5.208;25.000;13.000;13.000;0.029;0.087;0.174;21.875;51.875;350.667
BC;CRBL;AM;2002;E;10.09.2002;NA;596;18;PTCO;NA;NA;NA;NA;NA;NA;NA;NA;NA;NA;NA;NA;NA;NA;NA;NA;NA;NA;NA;NA;NA
BC;CRBL;AM;2003;P;14.04.2003;NA;596;18;PTCO;NA;NA;NA;NA;NA;NA;NA;NA;NA;NA;NA;NA;NA;NA;NA;NA;NA;NA;NA;NA;NA
BC;CRBL;AM;2003;E;02.07.2003;NA;596;18;PTCO;NA;NA;NA;NA;NA;NA;NA;NA;NA;NA;NA;NA;NA;NA;NA;NA;NA;NA;NA;NA;NA
BC;CRBL;AM;2008;P;18.04.2008;NA;596;18;PTCO;0.000;0.000;0.000;0.000;0.000;0.000;0.000;0.000;0.000;2.750;2.333;2.333;2.000;1.000;1.000;0.008;0.039;0.078;27.625;57.625;362.208
BC;CRBL;AM;2008;E;17.07.2008;NA;596;18;PTCO;0.000;0.000;0.000;0.000;0.000;0.000;0.000;0.000;0.000;2.333;0.000;0.000;1.000;0.000;0.000;0.006;0.000;0.000;30.000;60.000;362.625
BC;CRBL;AM;2010;P;12.04.2010;NA;596;18;PTCO;0.000;0.000;0.000;0.000;0.000;0.000;0.000;0.000;0.000;0.000;0.000;0.000;0.000;0.000;0.000;0.000;0.000;0.000;30.000;60.000;365.000
BC;CRBL;AM;2010;E;14.06.2010;NA;596;18;PTCO;0.000;0.000;0.000;0.000;0.000;0.000;0.000;0.000;0.000;0.625;0.625;0.625;1.000;1.000;1.000;0.002;0.010;0.021;29.375;59.375;364.333
BC;CRBL;AM;2012;P;29.03.2012;NA;596;18;PTCO;0.000;0.000;0.000;0.000;0.000;0.000;0.000;0.000;0.000;4.208;0.000;0.000;5.000;0.000;0.000;0.012;0.000;0.000;30.000;60.000;360.833
BC;CRBL;AM;2012;E;03.07.2012;NA;596;18;PTCO;0.000;0.000;0.000;0.000;0.000;0.000;0.000;0.000;0.000;4.750;0.542;0.000;6.000;1.000;0.000;0.013;0.009;0.000;30.000;60.000;360.292
BC;CRBL;AM;2016;P;07.04.2016;NA;596;18;PTCO;0.000;0.000;0.000;0.000;0.000;0.000;0.000;0.000;0.000;3.583;0.000;0.000;2.000;0.000;0.000;0.010;0.000;0.000;30.000;60.000;360.875
BC;CRBL;AM;2016;E;06.07.2016;NA;596;18;PTCO;0.000;0.000;0.000;0.000;0.000;0.000;0.000;0.000;0.000;3.583;3.500;3.500;2.000;1.000;1.000;0.010;0.058;0.117;26.500;56.500;361.375
BC;CRBL;AV;2002;E;10.09.2002;NA;596;18;PTCO;NA;NA;NA;NA;NA;NA;NA;NA;NA;NA;NA;NA;NA;NA;NA;NA;NA;NA;NA;NA;NA
BC;CRBL;AV;2003;E;02.07.2003;NA;596;18;PTCO;NA;NA;NA;NA;NA;NA;NA;NA;NA;NA;NA;NA;NA;NA;NA;NA;NA;NA;NA;NA;NA
BC;CRBL;AV;2008;P;18.04.2008;NA;596;18;PTCO;0.000;0.000;0.000;0.000;0.000;0.000;0.000;0.000;0.000;2.750;2.333;2.333;2.000;1.000;1.000;0.008;0.039;0.078;27.625;57.625;362.208
BC;CRBL;AV;2008;E;17.07.2008;NA;596;18;PTCO;0.000;0.000;0.000;0.000;0.000;0.000;0.000;0.000;0.000;2.333;0.000;0.000;1.000;0.000;0.000;0.006;0.000;0.000;30.000;60.000;362.625
BC;GRAN;AM;2004;E;20.07.2004;539;170;2;PTCO;NA;NA;NA;NA;NA;NA;NA;NA;NA;NA;NA;NA;NA;NA;NA;NA;NA;NA;NA;NA;NA
BC;GRAN;AM;2005;P;13.04.2005;539;170;2;PTCO;NA;NA;NA;NA;NA;NA;NA;NA;NA;NA;NA;NA;NA;NA;NA;NA;NA;NA;NA;NA;NA
BC;GRAN;AM;2008;P;03.04.2008;539;170;2;PTCO;1.083;0.000;0.000;3.000;0.000;0.000;0.003;0.000;0.000;29.417;9.125;8.333;38.000;13.000;11.000;0.081;0.152;0.278;21.667;50.875;335.750
BC;GRAN;AM;2008;E;16.07.2008;539;170;2;PTCO;2.708;0.250;0.250;2.000;1.000;1.000;0.007;0.004;0.008;65.542;33.708;15.542;51.000;9.000;7.000;0.180;0.562;0.518;14.458;26.292;297.625
BC;GRAN;AM;2010;P;12.04.2010;539;170;2;PTCO;0.000;0.000;0.000;0.000;0.000;0.000;0.000;0.000;0.000;4.708;0.375;0.000;13.000;3.000;0.000;0.013;0.006;0.000;30.000;59.583;360.250
BC;GRAN;AM;2010;E;06.07.2010;539;170;2;PTCO;1.875;1.875;0.958;3.000;3.000;2.000;0.005;0.031;0.032;28.750;24.458;19.917;31.000;20.000;15.000;0.079;0.408;0.664;9.417;34.125;334.792
BC;GRAN;AM;2012;P;27.03.2012;539;170;2;PTCO;5.250;0.000;0.000;7.000;0.000;0.000;0.014;0.000;0.000;23.833;0.000;0.000;31.000;0.000;0.000;0.065;0.000;0.000;30.000;60.000;336.875
BC;GRAN;AM;2012;E;02.07.2012;539;170;2;PTCO;5.875;0.625;0.000;8.000;1.000;0.000;0.016;0.010;0.000;28.625;5.208;1.250;32.000;3.000;1.000;0.078;0.087;0.042;28.792;54.167;331.458
BC;GRAN;AM;2014;P;19.03.2014;539;170;2;PTCO;15.458;0.708;0;14.000;3.000;0.000;0.042;0.012;0.000;119.167;36.167;16.853;109.000;28.000;14.000;0.326;0.603;0.562;13.147;23.125;230.375
BC;GRAN;AM;2014;E;07.07.2014;539;170;2;PTCO;15.458;0.000;0.000;14.000;0.000;0.000;0.042;0.000;0.000;111.083;0.667;0.208;99.000;5.000;3.000;0.304;0.011;0.007;29.708;59.250;240.292
BC;GRAN;AM;2016;P;06.04.2016;539;170;2;PTCO;4.667;0.000;0.000;5.000;0.000;0.000;0.013;0.000;0.000;20.708;7.625;0.000;23.000;4.000;0.000;0.057;0.127;0.000;30.000;52.333;340.625
BC;GRAN;AM;2016;E;12.07.2016;539;170;2;PTCO;3.917;3.625;3.625;4.000;2.000;2.000;0.011;0.060;0.121;33.000;18.417;10.000;33.000;18.000;9.000;0.090;0.307;0.333;17.333;39.375;329.833
BC;GRAN;AV;2004;E;20.07.2004;539;160;2;PTCO;NA;NA;NA;NA;NA;NA;NA;NA;NA;NA;NA;NA;NA;NA;NA;NA;NA;NA;NA;NA;NA
BC;GRAN;AV;2008;P;03.04.2008;539;160;2;PTCO;1.083;0.000;0.000;3.000;0.000;0.000;0.003;0.000;0.000;33.208;9.542;8.667;44.000;13.000;11.000;0.091;0.159;0.289;21.208;50.333;331.917
BC;GRAN;AV;2008;E;16.07.2008;539;160;2;PTCO;2.708;0.250;0.250;2.000;1.000;1.000;0.007;0.004;0.008;69.000;35.042;16.625;60.000;10.000;7.000;0.189;0.584;0.554;13.292;24.875;293.708
BC;GRAN;AV;2010;P;12.04.2010;539;160;2;PTCO;0.000;0.000;0.000;0.000;0.000;0.000;0.000;0.000;0.000;6.042;0.500;0.000;20.000;3.000;0.000;0.017;0.008;0.000;30.000;59.458;359.083
BC;GRAN;AV;2010;E;06.07.2010;539;160;2;PTCO;1.875;1.875;0.958;3.000;3.000;2.000;0.005;0.031;0.032;30.667;25.375;20.583;36.000;20.000;15.000;0.084;0.423;0.686;8.667;33.000;332.833
BC;GRAN;AV;2012;P;27.03.2012;539;160;2;PTCO;5.250;0.000;0.000;7.000;0.000;0.000;0.014;0.000;0.000;27.125;0.000;0.000;34.000;0.000;0.000;0.074;0.000;0.000;30.000;60.000;333.833
BC;GRAN;AV;2012;E;02.07.2012;539;160;2;PTCO;5.875;0.625;0.000;8.000;1.000;0.000;0.016;0.010;0.000;32.292;6.375;2.333;37.000;5.000;3.000;0.088;0.106;0.078;27.458;52.792;327.833
BC;GRAN;AV;2014;P;03.04.2014;539;160;2;PTCO;15.458;0.708;0.000;14.000;3.000;0.000;0.042;0.012;0.000;126.750;28.125;5.125;132.000;19.000;8.000;0.347;0.469;0.171;24.833;31.667;222.792
BC;GRAN;AV;2014;E;07.07.2014;539;160;2;PTCO;15.458;0.000;0.000;14.000;0.000;0.000;0.042;0.000;0.000;119.375;4.000;3.375;111.000;17.000;14.000;0.327;0.067;0.113;26.083;55.333;230.875
BC;GRAN;AV;2016;P;06.04.2016;539;160;2;PTCO;4.667;0.000;0.000;5.000;0.000;0.000;0.013;0.000;0.000;54.917;7.708;0.000;75.000;4.000;0.000;0.150;0.128;0.000;30.000;52.250;310.667
BC;GRAN;AV;2016;E;12.07.2016;539;160;2;PTCO;3.917;3.625;3.625;4.000;2.000;2.000;0.011;0.060;0.121;69.917;35.458;22.625;51.000;10.000;6.000;0.192;0.591;0.754;5.417;22.750;295.875
BC;MATH;AM;2003;E;23.07.2003;0;NA;1;PTCO;NA;NA;NA;NA;NA;NA;NA;NA;NA;NA;NA;NA;NA;NA;NA;NA;NA;NA;NA;NA;NA
BC;MATH;AM;2004;P;02.04.2004;0;NA;1;PTCO;NA;NA;NA;NA;NA;NA;NA;NA;NA;NA;NA;NA;NA;NA;NA;NA;NA;NA;NA;NA;NA
BC;MATH;AM;2008;P;25.04.2008;0;NA;1;PTCO;365.000;60.000;30.000;1.000;1.000;1.000;1.000;1.000;1.000;0.000;0.000;0.000;0.000;0.000;0.000;0.000;0.000;0.000;0.000;0.000;0.000
BC;MATH;AM;2008;E;18.07.2008;0;NA;1;PTCO;365.000;60.000;30.000;1.000;1.000;1.000;1.000;1.000;1.000;0.000;0.000;0.000;0.000;0.000;0.000;0.000;0.000;0.000;0.000;0.000;0.000
BC;MATH;AM;2010;P;13.04.2010;0;NA;1;PTCO;365.000;60.000;30.000;1.000;1.000;1.000;1.000;1.000;1.000;0.000;0.000;0.000;0.000;0.000;0.000;0.000;0.000;0.000;0.000;0.000;0.000
BC;MATH;AM;2010;E;09.07.2010;0;NA;1;PTCO;365.000;60.000;30.000;1.000;1.000;1.000;1.000;1.000;1.000;0.000;0.000;0.000;0.000;0.000;0.000;0.000;0.000;0.000;0.000;0.000;0.000
BC;MATH;AM;2012;P;29.03.2012;0;NA;1;PTCO;365.000;60.000;30.000;1.000;1.000;1.000;1.000;1.000;1.000;0.000;0.000;0.000;0.000;0.000;0.000;0.000;0.000;0.000;0.000;0.000;0.000
BC;MATH;AM;2012;E;03.07.2012;0;NA;1;PTCO;365.000;60.000;30.000;1.000;1.000;1.000;1.000;1.000;1.000;0.000;0.000;0.000;0.000;0.000;0.000;0.000;0.000;0.000;0.000;0.000;0.000
BC;MATH;AM;2016;P;07.04.2016;0;NA;1;PTCO;365.000;60.000;30.000;1.000;1.000;1.000;1.000;1.000;1.000;0.000;0.000;0.000;0.000;0.000;0.000;0.000;0.000;0.000;0.000;0.000;0.000
BC;MATH;AM;2016;E;07.07.2016;0;NA;1;PTCO;365.000;60.000;30.000;1.000;1.000;1.000;1.000;1.000;1.000;0.000;0.000;0.000;0.000;0.000;0.000;0.000;0.000;0.000;0.000;0.000;0.000
BC;MATH;AV;2003;E;23.07.2003;0;NA;1;PTCO;NA;NA;NA;NA;NA;NA;NA;NA;NA;NA;NA;NA;NA;NA;NA;NA;NA;NA;NA;NA;NA
BC;MATH;AV;2004;P;02.04.2004;0;NA;1;PTCO;NA;NA;NA;NA;NA;NA;NA;NA;NA;NA;NA;NA;NA;NA;NA;NA;NA;NA;NA;NA;NA
BC;MATH;AV;2008;P;25.04.2008;0;NA;1;PTCO;365.000;60.000;30.000;1.000;1.000;1.000;1.000;1.000;1.000;0.000;0.000;0.000;0.000;0.000;0.000;0.000;0.000;0.000;0.000;0.000;0.000
BC;MATH;AV;2008;E;18.07.2008;0;NA;1;PTCO;365.000;60.000;30.000;1.000;1.000;1.000;1.000;1.000;1.000;0.000;0.000;0.000;0.000;0.000;0.000;0.000;0.000;0.000;0.000;0.000;0.000
BC;MATH;AV;2010;P;14.04.2010;0;NA;1;PTCO;365.000;60.000;30.000;1.000;1.000;1.000;1.000;1.000;1.000;0.000;0.000;0.000;0.000;0.000;0.000;0.000;0.000;0.000;0.000;0.000;0.000
BC;MATH;AV;2010;E;08.07.2010;0;NA;1;PTCO;365.000;60.000;30.000;1.000;1.000;1.000;1.000;1.000;1.000;0.000;0.000;0.000;0.000;0.000;0.000;0.000;0.000;0.000;0.000;0.000;0.000
BC;MATH;AV;2012;P;28.03.2012;0;NA;1;PTCO;365.000;60.000;30.000;1.000;1.000;1.000;1.000;1.000;1.000;0.000;0.000;0.000;0.000;0.000;0.000;0.000;0.000;0.000;0.000;0.000;0.000
BC;MATH;AV;2012;E;04.07.2012;0;NA;1;PTCO;365.000;60.000;30.000;1.000;1.000;1.000;1.000;1.000;1.000;0.000;0.000;0.000;0.000;0.000;0.000;0.000;0.000;0.000;0.000;0.000;0.000
BC;MATH;AV;2016;P;07.04.2016;0;NA;1;PTCO;365.000;60.000;30.000;1.000;1.000;1.000;1.000;1.000;1.000;0.000;0.000;0.000;0.000;0.000;0.000;0.000;0.000;0.000;0.000;0.000;0.000
BC;MATH;AV;2016;E;05.07.2016;0;NA;1;PTCO;365.000;60.000;30.000;1.000;1.000;1.000;1.000;1.000;1.000;0.000;0.000;0.000;0.000;0.000;0.000;0.000;0.000;0.000;0.000;0.000;0.000
BC;MOLO;AM;2004;E;20.07.2004;560;NA;1;PTCO;NA;NA;NA;NA;NA;NA;NA;NA;NA;NA;NA;NA;NA;NA;NA;NA;NA;NA;NA;NA;NA
BC;MOLO;AM;2005;P;12.04.2005;560;NA;1;PTCO;NA;NA;NA;NA;NA;NA;NA;NA;NA;NA;NA;NA;NA;NA;NA;NA;NA;NA;NA;NA;NA
BC;MOLO;AM;2008;P;18.04.2008;560;NA;1;PTCO;3.208;2.375;2.375;3.000;1.000;1.000;0.009;0.040;0.079;0.000;0.000;0.000;0.000;0.000;0.000;0.000;0.000;0.000;27.625;57.625;361.792
BC;MOLO;AM;2008;E;17.07.2008;560;NA;1;PTCO;2.542;0.167;0.167;2.000;1.000;1.000;0.007;0.003;0.006;0.000;0.000;0.000;0.000;0.000;0.000;0.000;0.000;0.000;29.833;59.833;362.458
BC;MOLO;AM;2010;P;15.04.2010;560;NA;1;PTCO;0.000;0.000;0.000;0.000;0.000;0.000;0.000;0.000;0.000;0.000;0.000;0.000;0.000;0.000;0.000;0.000;0.000;0.000;30.000;60.000;365.000
BC;MOLO;AM;2010;E;08.07.2010;560;NA;1;PTCO;1.333;1.333;0.500;3.000;3.000;2.000;0.004;0.022;0.017;0.000;0.000;0.000;0.000;0.000;0.000;0.000;0.000;0.000;29.500;58.667;363.667
BC;MOLO;AM;2012;P;29.03.2012;560;NA;1;PTCO;4.917;0.000;0.000;6.000;0.000;0.000;0.013;0.000;0.000;0.000;0.000;0.000;0.000;0.000;0.000;0.000;0.000;0.000;30.000;60.000;360.083
BC;MOLO;AM;2012;E;03.07.2012;560;NA;1;PTCO;5.500;0.583;0.000;7.000;1.000;0.000;0.015;0.010;0.000;0.000;0.000;0.000;0.000;0.000;0.000;0.000;0.000;0.000;30.000;59.417;359.500
BC;MOLO;AM;2016;P;07.04.2016;560;NA;1;PTCO;4.167;0.000;0.000;5.000;0.000;0.000;0.011;0.000;0.000;0.000;0.000;0.000;0.000;0.000;0.000;0.000;0.000;0.000;30.000;60.000;360.833
BC;MOLO;AM;2016;E;06.07.2016;560;NA;1;PTCO;3.792;3.542;3.542;3.000;1.000;1.000;0.010;0.059;0.118;0.000;0.000;0.000;0.000;0.000;0.000;0.000;0.000;0.000;26.458;56.458;361.208
BC;MOLO;AV;2008;P;25.04.2008;560;C;1;PTCO;3.208;2.375;2.375;3.000;1.000;1.000;0.009;0.040;0.079;210.083;26.625;14.750;395.000;69.000;32.000;0.576;0.444;0.492;12.875;31.000;151.709
BC;MOLO;AV;2008;E;18.07.2008;560;C;1;PTCO;2.542;0.167;0.000;2.000;1.000;0.000;0.007;0.003;0.000;202.917;36.625;19.125;417.000;70.000;36.000;0.556;0.610;0.638;10.875;23.208;159.541
BC;MOLO;AV;2010;P;14.04.2010;560;C;1;PTCO;0.000;0.000;0.000;0.000;0.000;0.000;0.000;0.000;0.000;230.000;27.750;13.958;397.000;69.000;32.000;0.630;0.463;0.465;16.042;32.250;135.000
BC;MOLO;AV;2010;E;08.07.2010;560;C;1;PTCO;1.333;1.333;0.500;3.000;3.000;2.000;0.004;0.022;0.017;232.542;35.375;18.417;378.000;74.000;32.000;0.637;0.590;0.614;11.083;23.292;131.125
BC;MOLO;AV;2012;P;28.03.2012;560;C;1;PTCO;4.917;0.000;0.000;6.000;0.000;0.000;0.013;0.000;0.000;230.958;18.542;10.208;377.000;93.000;46.000;0.633;0.309;0.340;19.792;41.458;129.125
BC;MOLO;AV;2012;E;04.07.2012;560;C;1;PTCO;5.500;0.583;0.000;7.000;1.000;0.000;0.015;0.010;0.000;220.208;41.208;20.958;406.000;66.000;32.000;0.603;0.687;0.699;9.042;18.209;139.292
BC;MOLO;AV;2016;P;08.04.2016;560;C;1;PTCO;4.167;0.000;0.000;5.000;0.000;0.000;0.011;0.000;0.000;238.083;34.917;18.750;390.000;72.000;39.000;0.652;0.582;0.625;11.250;25.083;122.750
BC;MOLO;AV;2016;E;05.07.2016;560;C;1;PTCO;3.792;3.542;3.542;3.000;1.000;1.000;0.010;0.059;0.118;233.708;39.208;20.042;404.000;56.000;25.000;0.640;0.653;0.668;6.416;17.250;127.500
BC;MORT;CE;2003;P;15.04.2003;NA;611;0;EVIE;NA;NA;NA;NA;NA;NA;NA;NA;NA;NA;NA;NA;NA;NA;NA;NA;NA;NA;NA;NA;NA
BC;MORT;CE;2008;P;23.04.2008;NA;611;0;EVIE;0.000;0.000;0.000;0.000;0.000;0.000;0.000;0.000;0.000;114.375;13.625;9.750;55.000;15.000;11.000;0.313;0.227;0.325;20.375;46.792;251.792
BC;MORT;CE;2008;E;14.07.2008;NA;611;0;EVIE;0.000;0.000;0.000;0.000;0.000;0.000;0.000;0.000;0.000;103.083;38.000;20.208;68.000;20.000;17.000;0.282;0.633;0.674;10.083;22.375;263.292
BC;MORT;CE;2010;P;14.04.2010;NA;611;0;EVIE;0.000;0.000;0.000;0.000;0.000;0.000;0.000;0.000;0.000;51.708;18.167;10.167;86.000;15.000;10.000;0.142;0.303;0.339;20.083;42.250;314.250
BC;MORT;CE;2010;E;09.07.2010;NA;611;0;EVIE;0.000;0.000;0.000;0.000;0.000;0.000;0.000;0.000;0.000;60.917;18.167;12.042;78.000;19.000;12.000;0.167;0.303;0.401;18.000;41.917;304.917
BC;MORT;CE;2012;P;29.03.2012;NA;611;0;EVIE;NA;NA;NA;NA;NA;NA;NA;NA;NA;NA;NA;NA;NA;NA;NA;NA;NA;NA;NA;NA;NA
BC;MORT;CE;2012;E;02.07.2012;NA;611;0;EVIE;NA;NA;NA;NA;NA;NA;NA;NA;NA;NA;NA;NA;NA;NA;NA;NA;NA;NA;NA;NA;NA
BC;MORT;CE;2014;P;18.03.2014;NA;611;0;EVIE;0.000;0.000;0.000;0.000;0.000;0.000;0.000;0.000;0.000;157.792;21.792;10.875;95.000;28.000;19.000;0.432;0.363;0.363;19.333;38.417;208.500
BC;MORT;CE;2014;E;07.07.2014;NA;611;0;EVIE;0.000;0.000;0.000;0.000;0.000;0.000;0.000;0.000;0.000;93.333;3.792;0.167;100.000;5.000;1.000;0.256;0.063;0.006;29.833;56.375;272.792
BC;MORT;CE;2016;P;06.04.2016;NA;611;0;EVIE;0.000;0.000;0.000;0.000;0.000;0.000;0.000;0.000;0.000;84.167;25.375;3.417;49.000;13.000;4.000;0.231;0.423;0.114;26.625;35.333;281.875
BC;MORT;CE;2016;E;12.07.2016;NA;611;0;EVIE;0.000;0.000;0.000;0.000;0.000;0.000;0.000;0.000;0.000;110.167;51.958;26.875;53.000;8.000;5.000;0.302;0.866;0.896;3.208;8.208;256.292
BC;MORT;AV;2002;E;28.08.2002;NA;550;0;EVIE;NA;NA;NA;NA;NA;NA;NA;NA;NA;NA;NA;NA;NA;NA;NA;NA;NA;NA;NA;NA;NA
BC;MORT;AV;2003;E;01.07.2003;NA;550;0;EVIE;NA;NA;NA;NA;NA;NA;NA;NA;NA;NA;NA;NA;NA;NA;NA;NA;NA;NA;NA;NA;NA
BC;MORT;AV;2008;P;23.04.2008;NA;550;0;EVIE;0.000;0.000;0.000;0.000;0.000;0.000;0.000;0.000;0.000;139.917;20.167;13.667;70.000;21.000;14.000;0.383;0.336;0.456;16.292;40.000;225.792
BC;MORT;AV;2008;E;14.07.2008;NA;550;0;EVIE;0.000;0.000;0.000;0.000;0.000;0.000;0.000;0.000;0.000;132.708;43.792;24.750;80.000;13.000;10.000;0.364;0.730;0.825;5.417;16.375;233.167
BC;MORT;AV;2010;P;14.04.2010;NA;550;0;EVIE;0.000;0.000;0.000;0.000;0.000;0.000;0.000;0.000;0.000;86.167;23.208;13.333;125.000;16.000;11.000;0.236;0.387;0.444;16.625;37.083;279.917
BC;MORT;AV;2010;E;07.07.2010;NA;550;0;EVIE;0.000;0.000;0.000;0.000;0.000;0.000;0.000;0.000;0.000;90.167;25.750;17.708;104.000;22.000;14.000;0.247;0.429;0.590;12.708;34.750;276.125
BC;MORT;AV;2012;P;27.03.2012;NA;550;0;EVIE;NA;NA;NA;NA;NA;NA;NA;NA;NA;NA;NA;NA;NA;NA;NA;NA;NA;NA;NA;NA;NA
BC;MORT;AV;2012;E;02.07.2012;NA;550;0;EVIE;NA;NA;NA;NA;NA;NA;NA;NA;NA;NA;NA;NA;NA;NA;NA;NA;NA;NA;NA;NA;NA
BC;MORT;AV;2014;P;18.03.2014;NA;550;0;EVIE;0.000;0.000;0.000;0.000;0.000;0.000;0.000;0.000;0.000;200.792;32.917;16.833;115.000;28.000;18.000;0.550;0.549;0.561;13.750;27.875;166.250
BC;MORT;AV;2014;E;07.07.2014;NA;550;0;EVIE;0.000;0.000;0.000;0.000;0.000;0.000;0.000;0.000;0.000;135.792;9.208;2.958;128.000;17.000;9.000;0.372;0.153;0.099;27.000;51.042;231.042
BC;MORT;AV;2016;P;13.04.2016;NA;550;0;EVIE;0.000;0.000;0.000;0.000;0.000;0.000;0.000;0.000;0.000;124.333;29.167;5.500;72.000;13.000;5.000;0.341;0.486;0.183;24.500;31.042;241.208
BC;MORT;AV;2016;E;13.07.2016;NA;550;0;EVIE;0.000;0.000;0.000;0.000;0.000;0.000;0.000;0.000;0.000;146.208;54.000;28.208;58.000;6.000;4.000;0.401;0.900;0.940;2.042;6.250;220.000
BC;NAPP;AM;2002;E;27.08.2002;1200;368;2;PTCO;NA;NA;NA;NA;NA;NA;NA;NA;NA;NA;NA;NA;NA;NA;NA;NA;NA;NA;NA;NA;NA
BC;NAPP;AM;2003;P;16.04.2003;1200;368;2;PTCO;NA;NA;NA;NA;NA;NA;NA;NA;NA;NA;NA;NA;NA;NA;NA;NA;NA;NA;NA;NA;NA
BC;NAPP;AM;2003;E;03.07.2003;1200;368;2;PTCO;NA;NA;NA;NA;NA;NA;NA;NA;NA;NA;NA;NA;NA;NA;NA;NA;NA;NA;NA;NA;NA
BC;NAPP;AM;2005;P;08.04.2005;1200;368;2;PTCO;NA;NA;NA;NA;NA;NA;NA;NA;NA;NA;NA;NA;NA;NA;NA;NA;NA;NA;NA;NA;NA
BC;NAPP;AM;2005;E;14.07.2005;1200;368;2;PTCO;NA;NA;NA;NA;NA;NA;NA;NA;NA;NA;NA;NA;NA;NA;NA;NA;NA;NA;NA;NA;NA
BC;NAPP;AM;2010;P;13.04.2010;1200;368;2;PTCO;0.000;0.000;0.000;0.000;0.000;0.000;0.000;0.000;0.000;0.583;0.000;0.000;4.000;0.000;0.000;0.002;0.000;0.000;30.000;60.000;364.375
BC;NAPP;AM;2010;E;14.06.2010;1200;368;2;PTCO;0.000;0.000;0.000;0.000;0.000;0.000;0.000;0.000;0.000;2.583;2.000;2.000;7.000;3.000;3.000;0.007;0.033;0.067;28.083;58.083;362.458
BC;NAPP;AM;2014;P;18.03.2014;1200;368;2;PTCO;2.625;0.000;0.000;3.000;0.000;0.000;0.007;0.000;0.000;44.708;11.208;3.917;48.000;16.000;7.000;0.122;0.187;0.131;26.083;48.792;317.667
BC;NAPP;AM;2014;E;08.07.2014;1200;368;2;PTCO;2.625;0.000;0.000;3.000;0.000;0.000;0.007;0.000;0.000;44.167;0.000;0.000;46.000;0.000;0.000;0.121;0.000;0.000;30.000;60.000;319.042
BC;NAPP;AM;2016;P;15.04.2016;1200;368;2;PTCO;1.000;0.000;0.000;1.000;0.000;0.000;0.003;0.000;0.000;8.208;1.750;0.000;10.000;2.000;0.000;0.022;0.029;0.000;30.000;58.250;355.792
BC;NAPP;AM;2016;E;05.07.2016;1200;368;2;PTCO;0.875;0.875;0.875;2.000;2.000;2.000;0.002;0.015;0.029;7.583;4.167;4.167;11.000;5.000;5.000;0.021;0.069;0.139;24.958;54.958;356.542
BC;NAPP;AV;2002;E;27.08.2002;1200;368;2;PTCO;NA;NA;NA;NA;NA;NA;NA;NA;NA;NA;NA;NA;NA;NA;NA;NA;NA;NA;NA;NA;NA
BC;NAPP;AV;2003;P;16.04.2003;1200;368;2;PTCO;NA;NA;NA;NA;NA;NA;NA;NA;NA;NA;NA;NA;NA;NA;NA;NA;NA;NA;NA;NA;NA
BC;NAPP;AV;2005;P;08.04.2005;1200;368;2;PTCO;NA;NA;NA;NA;NA;NA;NA;NA;NA;NA;NA;NA;NA;NA;NA;NA;NA;NA;NA;NA;NA
BC;NAPP;AV;2005;E;14.07.2005;1200;368;2;PTCO;NA;NA;NA;NA;NA;NA;NA;NA;NA;NA;NA;NA;NA;NA;NA;NA;NA;NA;NA;NA;NA
BC;PLAI;AM;2008;P;28.04.2008;NA;650;1;EVIE;0.000;0.000;0.000;0.000;0.000;0.000;0.000;0.000;0.000;99.542;10.792;8.000;48.000;10.000;8.000;0.273;0.180;0.267;22.000;49.208;266.625
BC;PLAI;AM;2008;E;15.07.2008;NA;650;1;EVIE;0.000;0.000;0.000;0.000;0.000;0.000;0.000;0.000;0.000;83.542;31.750;13.833;60.000;23.000;20.000;0.229;0.529;0.461;16.792;29.167;283.208
BC;PLAI;AM;2010;P;13.04.2010;NA;650;1;EVIE;0.000;0.000;0.000;0.000;0.000;0.000;0.000;0.000;0.000;35.542;14.792;8.333;52.000;12.000;7.000;0.097;0.247;0.278;21.917;45.500;330.042
BC;PLAI;AM;2010;E;07.07.2010;NA;650;1;EVIE;0.000;0.000;0.000;0.000;0.000;0.000;0.000;0.000;0.000;46.333;13.167;8.958;52.000;12.000;5.000;0.127;0.219;0.299;21.208;47.000;319.417
BC;PLAI;AM;2012;P;04.04.2012;NA;650;1;EVIE;NA;NA;NA;NA;NA;NA;NA;NA;NA;NA;NA;NA;NA;NA;NA;NA;NA;NA;NA;NA;NA
BC;PLAI;AM;2012;E;10.07.2012;NA;650;1;EVIE;NA;NA;NA;NA;NA;NA;NA;NA;NA;NA;NA;NA;NA;NA;NA;NA;NA;NA;NA;NA;NA
BC;PLAI;AM;2014;P;04.04.2014;NA;650;1;EVIE;0.000;0.000;0.000;0.000;0.000;0.000;0.000;0.000;0.000;135.917;15.542;2.083;82.000;20.000;8.000;0.372;0.259;0.069;27.875;44.750;230.542
BC;PLAI;AM;2014;E;08.07.2014;NA;650;1;EVIE;0.000;0.000;0.000;0.000;0.000;0.000;0.000;0.000;0.000;72.167;2.333;0.292;72.000;4.000;1.000;0.198;0.039;0.010;29.708;57.667;293.583
BC;PLAI;AM;2016;P;14.04.2016;NA;650;1;EVIE;0.000;0.000;0.000;0.000;0.000;0.000;0.000;0.000;0.000;67.250;14.625;1.125;33.000;9.000;1.000;0.184;0.244;0.038;28.833;45.792;298.083
BC;PLAI;AM;2016;E;13.07.2016;NA;650;1;EVIE;0.000;0.000;0.000;0.000;0.000;0.000;0.000;0.000;0.000;94.583;48.750;24.125;37.000;8.000;5.000;0.259;0.813;0.804;5.875;11.250;271.208
BC;PLAI;AV;2008;P;28.04.2008;NA;650;1;EVIE;0.000;0.000;0.000;0.000;0.000;0.000;0.000;0.000;0.000;99.542;10.792;8.000;48.000;10.000;8.000;0.273;0.180;0.267;22.000;49.208;266.625
BC;PLAI;AV;2008;E;15.07.2008;NA;650;1;EVIE;0.000;0.000;0.000;0.000;0.000;0.000;0.000;0.000;0.000;83.542;31.750;13.833;60.000;23.000;20.000;0.229;0.529;0.461;16.792;29.167;283.208
BC;PLAI;AV;2010;P;13.04.2010;NA;650;1;EVIE;0.000;0.000;0.000;0.000;0.000;0.000;0.000;0.000;0.000;35.542;14.792;8.333;52.000;12.000;7.000;0.097;0.247;0.278;21.917;45.500;330.042
BC;PLAI;AV;2010;E;07.07.2010;NA;650;1;EVIE;0.000;0.000;0.000;0.000;0.000;0.000;0.000;0.000;0.000;46.333;13.167;8.958;52.000;12.000;5.000;0.127;0.219;0.299;21.208;47.000;319.417
BC;PLAI;AV;2012;P;04.04.2012;NA;650;1;EVIE;NA;NA;NA;NA;NA;NA;NA;NA;NA;NA;NA;NA;NA;NA;NA;NA;NA;NA;NA;NA;NA
BC;PLAI;AV;2012;E;10.07.2012;NA;650;1;EVIE;NA;NA;NA;NA;NA;NA;NA;NA;NA;NA;NA;NA;NA;NA;NA;NA;NA;NA;NA;NA;NA
BC;PLAI;AV;2014;P;04.04.2014;NA;650;1;EVIE;0.000;0.000;0.000;0.000;0.000;0.000;0.000;0.000;0.000;135.917;15.542;2.083;82.000;20.000;8.000;0.372;0.259;0.069;27.875;44.750;230.542
BC;PLAI;AV;2014;E;08.07.2014;NA;650;1;EVIE;0.000;0.000;0.000;0.000;0.000;0.000;0.000;0.000;0.000;72.167;2.333;0.292;72.000;4.000;1.000;0.198;0.039;0.010;29.708;57.667;293.583
BC;PLAI;AV;2016;P;14.04.2016;NA;650;1;EVIE;0.000;0.000;0.000;0.000;0.000;0.000;0.000;0.000;0.000;67.250;14.625;1.125;33.000;9.000;1.000;0.184;0.244;0.038;28.833;45.792;298.083
BC;PLAI;AV;2016;E;13.07.2016;NA;650;1;EVIE;0.000;0.000;0.000;0.000;0.000;0.000;0.000;0.000;0.000;94.583;48.750;24.125;37.000;8.000;5.000;0.259;0.813;0.804;5.875;11.250;271.208
BC;PONT;AM;2008;P;28.04.2008;1266;NA;1;EVIE;1.542;0.833;0.833;2.000;1.000;1.000;0.004;0.014;0.028;0.000;0.000;0.000;0.000;0.000;0.000;0.000;0.000;0.000;29.167;59.167;363.458
BC;PONT;AM;2008;E;15.07.2008;1266;NA;1;EVIE;0.833;0.000;0.000;1.000;0.000;0.000;0.002;0.000;0.000;0.000;0.000;0.000;0.000;0.000;0.000;0.000;0.000;0.000;30.000;60.000;364.167
BC;PONT;AM;2010;P;13.04.2010;1266;NA;1;EVIE;0.000;0.000;0.000;0.000;0.000;0.000;0.000;0.000;0.000;0.000;0.000;0.000;0.000;0.000;0.000;0.000;0.000;0.000;30.000;60.000;365.000
BC;PONT;AM;2010;E;07.07.2010;1266;NA;1;EVIE;0.000;0.000;0.000;0.000;0.000;0.000;0.000;0.000;0.000;0.000;0.000;0.000;0.000;0.000;0.000;0.000;0.000;0.000;30.000;60.000;365.000
BC;PONT;AM;2012;P;04.04.2012;1266;NA;1;EVIE;NA;NA;NA;NA;NA;NA;NA;NA;NA;NA;NA;NA;NA;NA;NA;NA;NA;NA;NA;NA;NA
BC;PONT;AM;2012;E;10.07.2012;1266;NA;1;EVIE;NA;NA;NA;NA;NA;NA;NA;NA;NA;NA;NA;NA;NA;NA;NA;NA;NA;NA;NA;NA;NA
BC;PONT;AM;2014;P;04.04.2014;1266;NA;1;EVIE;3.958;0.000;0.000;5.000;0.000;0.000;0.011;0.000;0.000;0.000;0.000;0.000;0.000;0.000;0.000;0.000;0.000;0.000;30.000;60.000;361.042
BC;PONT;AM;2014;E;08.07.2014;1266;NA;1;EVIE;3.958;0.000;0.000;5.000;0.000;0.000;0.011;0.000;0.000;0.000;0.000;0.000;0.000;0.000;0.000;0.000;0.000;0.000;30.000;60.000;361.042
BC;PONT;AM;2016;P;14.04.2016;1266;NA;1;EVIE;3.625;0.000;0.000;1.000;0.000;0.000;0.010;0.000;0.000;0.000;0.000;0.000;0.000;0.000;0.000;0.000;0.000;0.000;30.000;60.000;361.375
BC;PONT;AM;2016;E;13.07.2016;1266;NA;1;EVIE;2.875;2.875;2.875;1.000;1.000;1.000;0.008;0.048;0.096;0.000;0.000;0.000;0.000;0.000;0.000;0.000;0.000;0.000;27.125;57.125;362.125
BC;PONT;AV;2008;P;28.04.2008;1266;C;1;EVIE;1.542;0.833;0.833;2.000;1.000;1.000;0.004;0.014;0.028;253.458;38.125;18.583;338.000;61.000;27.000;0.694;0.635;0.619;10.584;21.042;110.000
BC;PONT;AV;2008;E;15.07.2008;1266;C;1;EVIE;0.833;0.000;0.000;1.000;0.000;0.000;0.002;0.000;0.000;250.542;39.500;19.042;343.000;61.000;33.000;0.686;0.658;0.635;10.958;20.500;113.625
BC;PONT;AV;2010;P;13.04.2010;1266;C;1;EVIE;0.000;0.000;0.000;0.000;0.000;0.000;0.000;0.000;0.000;250.375;41.042;20.750;337.000;54.000;27.000;0.686;0.684;0.692;9.250;18.958;114.625
BC;PONT;AV;2010;E;07.07.2010;1266;C;1;EVIE;0.000;0.000;0.000;0.000;0.000;0.000;0.000;0.000;0.000;255.500;41.417;20.708;328.000;57.000;30.000;0.700;0.690;0.690;9.292;18.583;109.500
BC;PONT;AV;2012;P;04.04.2012;1266;C;1;EVIE;NA;NA;NA;NA;NA;NA;NA;NA;NA;NA;NA;NA;NA;NA;NA;NA;NA;NA;NA;NA;NA
BC;PONT;AV;2012;E;10.07.2012;1266;C;1;EVIE;NA;NA;NA;NA;NA;NA;NA;NA;NA;NA;NA;NA;NA;NA;NA;NA;NA;NA;NA;NA;NA
BC;PONT;AV;2014;P;04.04.2014;1266;C;1;EVIE;3.958;0.000;0.000;5.000;0.000;0.000;0.011;0.000;0.000;236.958;37.292;17.458;367.000;66.000;36.000;0.649;0.622;0.582;12.542;22.708;124.084
BC;PONT;AV;2014;E;08.07.2014;1266;C;1;EVIE;3.958;0.000;0.000;5.000;0.000;0.000;0.011;0.000;0.000;238.458;42.500;21.500;364.000;52.000;26.000;0.653;0.708;0.717;8.500;17.500;122.584
BC;PONT;AV;2016;P;14.04.2016;1266;C;1;EVIE;3.625;0.000;0.000;1.000;0.000;0.000;0.010;0.000;0.000;251.792;43.875;22.917;335.000;50.000;26.000;0.690;0.731;0.764;7.083;16.125;109.583
BC;PONT;AV;2016;E;13.07.2016;1266;C;1;EVIE;2.875;2.875;2.875;1.000;1.000;1.000;0.008;0.048;0.096;252.500;39.667;17.292;338.000;60.000;34.000;0.692;0.661;0.576;9.833;17.458;109.625
BC;ROSS;AM;2002;E;26.08.2002;1100;627;8;PTCO;NA;NA;NA;NA;NA;NA;NA;NA;NA;NA;NA;NA;NA;NA;NA;NA;NA;NA;NA;NA;NA
BC;ROSS;AM;2003;P;15.04.2003;1100;627;8;PTCO;NA;NA;NA;NA;NA;NA;NA;NA;NA;NA;NA;NA;NA;NA;NA;NA;NA;NA;NA;NA;NA
BC;ROSS;AM;2003;E;02.07.2003;1100;627;8;PTCO;NA;NA;NA;NA;NA;NA;NA;NA;NA;NA;NA;NA;NA;NA;NA;NA;NA;NA;NA;NA;NA
BC;ROSS;AM;2008;P;03.04.2008;1100;627;8;PTCO;0.000;0.000;0.000;0.000;0.000;0.000;0.000;0.000;0.000;0.375;0.000;0.000;1.000;0.000;0.000;0.001;0.000;0.000;30.000;60.000;364.583
BC;ROSS;AM;2008;E;14.07.2008;1100;627;8;PTCO;0.042;0.000;0.000;1.000;0.000;0.000;0.000;0.000;0.000;2.250;0.000;0.000;1.000;0.000;0.000;0.006;0.000;0.000;30.000;60.000;362.708
BC;ROSS;AM;2010;P;15.04.2010;1100;627;8;PTCO;0.000;0.000;0.000;0.000;0.000;0.000;0.000;0.000;0.000;0.000;0.000;0.000;0.000;0.000;0.000;0.000;0.000;0.000;30.000;60.000;365.000
BC;ROSS;AM;2010;E;06.07.2010;1100;627;8;PTCO;0.000;0.000;0.000;0.000;0.000;0.000;0.000;0.000;0.000;0.750;0.750;0.167;2.000;2.000;1.000;0.002;0.013;0.006;29.833;59.292;364.250
BC;ROSS;AM;2012;P;27.03.2012;1100;627;8;PTCO;0.000;0.000;0.000;0.000;0.000;0.000;0.000;0.000;0.000;3.792;0.000;0.000;5.000;0.000;0.000;0.010;0.000;0.000;30.000;60.000;361.292
BC;ROSS;AM;2012;E;02.07.2012;1100;627;8;PTCO;0.000;0.000;0.000;0.000;0.000;0.000;0.000;0.000;0.000;4.292;0.500;0.000;6.000;1.000;0.000;0.012;0.008;0.000;30.000;59.542;360.833
BC;ROSS;AM;2014;P;17.03.2014;1100;627;8;PTCO;3.667;0.000;0.000;4.000;0.000;0.000;0.010;0.000;0.000;7.458;0.333;0.000;13.000;2.000;0.000;0.020;0.006;0.000;30.000;59.667;353.875
BC;ROSS;AM;2014;E;08.07.2014;1100;627;8;PTCO;3.667;0.000;0.000;4.000;0.000;0.000;0.010;0.000;0.000;7.458;0.000;0.000;13.000;0.000;0.000;0.020;0.000;0.000;30.000;60.000;354.083
BC;ROSS;AM;2016;P;06.04.2016;1100;627;8;PTCO;1.583;0.000;0.000;2.000;0.000;0.000;0.004;0.000;0.000;2.000;0.000;0.000;4.000;0.000;0.000;0.005;0.000;0.000;30.000;60.000;360.917
BC;ROSS;AM;2016;E;12.07.2016;1100;627;8;PTCO;2.167;2.167;2.167;1.000;1.000;1.000;0.006;0.036;0.072;1.458;1.375;1.375;4.000;3.000;3.000;0.004;0.023;0.046;26.625;56.625;361.500
BC;ROSS;CE;2004;E;27.09.2004;1100;627;8;PTCO;NA;NA;NA;NA;NA;NA;NA;NA;NA;NA;NA;NA;NA;NA;NA;NA;NA;NA;NA;NA;NA
BC;ROSS;CE;2005;P;07.04.2005;1100;627;8;PTCO;NA;NA;NA;NA;NA;NA;NA;NA;NA;NA;NA;NA;NA;NA;NA;NA;NA;NA;NA;NA;NA
BC;ROSS;CE;2005;E;20.07.2005;1100;627;8;PTCO;NA;NA;NA;NA;NA;NA;NA;NA;NA;NA;NA;NA;NA;NA;NA;NA;NA;NA;NA;NA;NA
BC;ROSS;AV;2002;E;26.08.2002;1100;627;8;PTCO;NA;NA;NA;NA;NA;NA;NA;NA;NA;NA;NA;NA;NA;NA;NA;NA;NA;NA;NA;NA;NA
BC;ROSS;AV;2003;P;15.04.2003;1100;627;8;PTCO;NA;NA;NA;NA;NA;NA;NA;NA;NA;NA;NA;NA;NA;NA;NA;NA;NA;NA;NA;NA;NA
BC;ROSS;AV;2003;E;02.07.2003;1100;627;8;PTCO;NA;NA;NA;NA;NA;NA;NA;NA;NA;NA;NA;NA;NA;NA;NA;NA;NA;NA;NA;NA;NA
BC;ROSS;AV;2008;P;23.04.2008;1100;627;8;PTCO;0.042;0.042;0.042;1.000;1.000;1.000;0.000;0.001;0.001;2.625;2.250;2.250;2.000;1.000;1.000;0.007;0.038;0.075;27.708;57.708;362.333
BC;ROSS;AV;2008;E;14.07.2008;1100;627;8;PTCO;0.042;0.000;0.000;1.000;0.000;0.000;0.000;0.000;0.000;2.250;0.000;0.000;1.000;0.000;0.000;0.006;0.000;0.000;30.000;60.000;362.708
BC;ROSS;AV;2010;P;15.04.2010;1100;627;8;PTCO;0.000;0.000;0.000;0.000;0.000;0.000;0.000;0.000;0.000;0.000;0.000;0.000;0.000;0.000;0.000;0.000;0.000;0.000;30.000;60.000;365.000
BC;ROSS;AV;2010;E;06.07.2010;1100;627;8;PTCO;0.000;0.000;0.000;0.000;0.000;0.000;0.000;0.000;0.000;0.750;0.750;0.167;2.000;2.000;1.000;0.002;0.013;0.006;29.833;59.292;364.250
BC;ROSS;AV;2012;P;27.03.2012;1100;627;8;PTCO;0.000;0.000;0.000;0.000;0.000;0.000;0.000;0.000;0.000;3.792;0.000;0.000;5.000;0.000;0.000;0.010;0.000;0.000;30.000;60.000;361.292
BC;ROSS;AV;2012;E;02.07.2012;1100;627;8;PTCO;0.000;0.000;0.000;0.000;0.000;0.000;0.000;0.000;0.000;4.292;0.500;0.000;6.000;1.000;0.000;0.012;0.008;0.000;30.000;59.542;360.833
BC;ROSS;AV;2014;P;17.03.2014;1100;627;8;PTCO;3.667;0.000;0.000;4.000;0.000;0.000;0.010;0.000;0.000;7.458;0.333;0.000;13.000;2.000;0.000;0.020;0.006;0.000;30.000;59.667;353.875
BC;ROSS;AV;2014;E;08.07.2014;1100;627;8;PTCO;3.667;0.000;0.000;4.000;0.000;0.000;0.010;0.000;0.000;7.458;0.000;0.000;13.000;0.000;0.000;0.020;0.000;0.000;30.000;60.000;354.083
BC;ROSS;AV;2016;P;06.04.2016;1100;627;8;PTCO;1.583;0.000;0.000;2.000;0.000;0.000;0.004;0.000;0.000;2.000;0.000;0.000;4.000;0.000;0.000;0.005;0.000;0.000;30.000;60.000;360.917
BC;ROSS;AV;2016;E;12.07.2016;1100;627;8;PTCO;2.167;2.167;2.167;1.000;1.000;1.000;0.006;0.036;0.072;1.458;1.375;1.375;4.000;3.000;3.000;0.004;0.023;0.046;26.625;56.625;361.500
BC;TONK;AM;2006;P;25.04.2006;0;NA;1;PTCO;NA;NA;NA;NA;NA;NA;NA;NA;NA;NA;NA;NA;NA;NA;NA;NA;NA;NA;NA;NA;NA
BC;TONK;AM;2008;P;25.04.2008;0;NA;1;PTCO;365.000;60.000;30.000;1.000;1.000;1.000;1.000;1.000;1.000;0.000;0.000;0.000;0.000;0.000;0.000;0.000;0.000;0.000;0.000;0.000;0.000
BC;TONK;AM;2008;E;17.07.2008;0;NA;1;PTCO;365.000;60.000;30.000;1.000;1.000;1.000;1.000;1.000;1.000;0.000;0.000;0.000;0.000;0.000;0.000;0.000;0.000;0.000;0.000;0.000;0.000
BC;TONK;AM;2010;P;12.04.2010;0;NA;1;PTCO;365.000;60.000;30.000;1.000;1.000;1.000;1.000;1.000;1.000;0.000;0.000;0.000;0.000;0.000;0.000;0.000;0.000;0.000;0.000;0.000;0.000
BC;TONK;AM;2010;E;08.07.2010;0;NA;1;PTCO;365.000;60.000;30.000;1.000;1.000;1.000;1.000;1.000;1.000;0.000;0.000;0.000;0.000;0.000;0.000;0.000;0.000;0.000;0.000;0.000;0.000
BC;TONK;AM;2012;P;29.03.2012;0;NA;1;PTCO;365.000;60.000;30.000;1.000;1.000;1.000;1.000;1.000;1.000;0.000;0.000;0.000;0.000;0.000;0.000;0.000;0.000;0.000;0.000;0.000;0.000
BC;TONK;AM;2012;E;03.07.2012;0;NA;1;PTCO;365.000;60.000;30.000;1.000;1.000;1.000;1.000;1.000;1.000;0.000;0.000;0.000;0.000;0.000;0.000;0.000;0.000;0.000;0.000;0.000;0.000
BC;TONK;AM;2016;P;07.04.2016;0;NA;1;PTCO;365.000;60.000;30.000;1.000;1.000;1.000;1.000;1.000;1.000;0.000;0.000;0.000;0.000;0.000;0.000;0.000;0.000;0.000;0.000;0.000;0.000
BC;TONK;AM;2016;E;06.07.2016;0;NA;1;PTCO;365.000;60.000;30.000;1.000;1.000;1.000;1.000;1.000;1.000;0.000;0.000;0.000;0.000;0.000;0.000;0.000;0.000;0.000;0.000;0.000;0.000
BC;TONK;AV;2006;P;25.04.2006;0;NA;1;PTCO;NA;NA;NA;NA;NA;NA;NA;NA;NA;NA;NA;NA;NA;NA;NA;NA;NA;NA;NA;NA;NA
BC;TONK;AV;2006;E;18.07.2006;0;NA;1;PTCO;NA;NA;NA;NA;NA;NA;NA;NA;NA;NA;NA;NA;NA;NA;NA;NA;NA;NA;NA;NA;NA
BC;TONK;AV;2008;P;18.04.2008;0;NA;1;PTCO;365.000;60.000;30.000;1.000;1.000;1.000;1.000;1.000;1.000;0.000;0.000;0.000;0.000;0.000;0.000;0.000;0.000;0.000;0.000;0.000;0.000
BC;TONK;AV;2008;E;18.07.2008;0;NA;1;PTCO;365.000;60.000;30.000;1.000;1.000;1.000;1.000;1.000;1.000;0.000;0.000;0.000;0.000;0.000;0.000;0.000;0.000;0.000;0.000;0.000;0.000
BC;TONK;AV;2010;P;14.04.2010;0;NA;1;PTCO;365.000;60.000;30.000;1.000;1.000;1.000;1.000;1.000;1.000;0.000;0.000;0.000;0.000;0.000;0.000;0.000;0.000;0.000;0.000;0.000;0.000
BC;TONK;AV;2010;E;08.07.2010;0;NA;1;PTCO;365.000;60.000;30.000;1.000;1.000;1.000;1.000;1.000;1.000;0.000;0.000;0.000;0.000;0.000;0.000;0.000;0.000;0.000;0.000;0.000;0.000
BC;TONK;AV;2012;P;28.03.2012;0;NA;1;PTCO;365.000;60.000;30.000;1.000;1.000;1.000;1.000;1.000;1.000;0.000;0.000;0.000;0.000;0.000;0.000;0.000;0.000;0.000;0.000;0.000;0.000
BC;TONK;AV;2012;E;04.07.2012;0;NA;1;PTCO;365.000;60.000;30.000;1.000;1.000;1.000;1.000;1.000;1.000;0.000;0.000;0.000;0.000;0.000;0.000;0.000;0.000;0.000;0.000;0.000;0.000
BC;TONK;AV;2016;P;08.04.2016;0;NA;1;PTCO;365.000;60.000;30.000;1.000;1.000;1.000;1.000;1.000;1.000;0.000;0.000;0.000;0.000;0.000;0.000;0.000;0.000;0.000;0.000;0.000;0.000
BC;TONK;AV;2016;E;05.07.2016;0;NA;1;PTCO;365.000;60.000;30.000;1.000;1.000;1.000;1.000;1.000;1.000;0.000;0.000;0.000;0.000;0.000;0.000;0.000;0.000;0.000;0.000;0.000;0.000
BC;VACH;AM;2003;E;23.07.2003;0;NA;0;PTCO;NA;NA;NA;NA;NA;NA;NA;NA;NA;NA;NA;NA;NA;NA;NA;NA;NA;NA;NA;NA;NA
BC;VACH;AM;2004;P;02.04.2004;0;NA;0;PTCO;NA;NA;NA;NA;NA;NA;NA;NA;NA;NA;NA;NA;NA;NA;NA;NA;NA;NA;NA;NA;NA
BC;VACH;AM;2008;P;06.05.2008;0;NA;0;PTCO;365.000;60.000;30.000;1.000;1.000;1.000;1.000;1.000;1.000;0.000;0.000;0.000;0.000;0.000;0.000;0.000;0.000;0.000;0.000;0.000;0.000
BC;VACH;AM;2008;E;03.09.2008;0;NA;0;PTCO;365.000;60.000;30.000;1.000;1.000;1.000;1.000;1.000;1.000;0.000;0.000;0.000;0.000;0.000;0.000;0.000;0.000;0.000;0.000;0.000;0.000
BC;VACH;AM;2010;P;15.04.2010;0;NA;0;PTCO;365.000;60.000;30.000;1.000;1.000;1.000;1.000;1.000;1.000;0.000;0.000;0.000;0.000;0.000;0.000;0.000;0.000;0.000;0.000;0.000;0.000
BC;VACH;AM;2011;P;30.03.2011;0;NA;0;PTCO;365.000;60.000;30.000;1.000;1.000;1.000;1.000;1.000;1.000;0.000;0.000;0.000;0.000;0.000;0.000;0.000;0.000;0.000;0.000;0.000;0.000
BC;VACH;AM;2011;E;11.09.2011;0;NA;0;PTCO;365.000;60.000;30.000;1.000;1.000;1.000;1.000;1.000;1.000;0.000;0.000;0.000;0.000;0.000;0.000;0.000;0.000;0.000;0.000;0.000;0.000
BC;VACH;AM;2012;P;28.03.2012;0;NA;0;PTCO;365.000;60.000;30.000;1.000;1.000;1.000;1.000;1.000;1.000;0.000;0.000;0.000;0.000;0.000;0.000;0.000;0.000;0.000;0.000;0.000;0.000
BC;VACH;AM;2013;P;20.03.2013;0;NA;0;PTCO;365.000;60.000;30.000;1.000;1.000;1.000;1.000;1.000;1.000;0.000;0.000;0.000;0.000;0.000;0.000;0.000;0.000;0.000;0.000;0.000;0.000
BC;VACH;AM;2016;P;08.04.2016;0;NA;0;PTCO;365.000;60.000;30.000;1.000;1.000;1.000;1.000;1.000;1.000;0.000;0.000;0.000;0.000;0.000;0.000;0.000;0.000;0.000;0.000;0.000;0.000
BC;VACH;AM;2016;E;14.07.2016;0;NA;0;PTCO;365.000;60.000;30.000;1.000;1.000;1.000;1.000;1.000;1.000;0.000;0.000;0.000;0.000;0.000;0.000;0.000;0.000;0.000;0.000;0.000;0.000
BC;VACH;AV;2003;E;23.07.2003;0;NA;0;PTCO;NA;NA;NA;NA;NA;NA;NA;NA;NA;NA;NA;NA;NA;NA;NA;NA;NA;NA;NA;NA;NA
BC;VACH;AV;2004;P;02.04.2004;0;NA;0;PTCO;NA;NA;NA;NA;NA;NA;NA;NA;NA;NA;NA;NA;NA;NA;NA;NA;NA;NA;NA;NA;NA
BC;VACH;AV;2008;P;06.05.2008;0;NA;0;PTCO;365.000;60.000;30.000;1.000;1.000;1.000;1.000;1.000;1.000;0.000;0.000;0.000;0.000;0.000;0.000;0.000;0.000;0.000;0.000;0.000;0.000
BC;VACH;AV;2008;E;03.09.2008;0;NA;0;PTCO;365.000;60.000;30.000;1.000;1.000;1.000;1.000;1.000;1.000;0.000;0.000;0.000;0.000;0.000;0.000;0.000;0.000;0.000;0.000;0.000;0.000
BC;VACH;AV;2011;P;30.03.2011;0;NA;0;PTCO;365.000;60.000;30.000;1.000;1.000;1.000;1.000;1.000;1.000;0.000;0.000;0.000;0.000;0.000;0.000;0.000;0.000;0.000;0.000;0.000;0.000
BC;VACH;AV;2011;E;11.09.2011;0;NA;0;PTCO;365.000;60.000;30.000;1.000;1.000;1.000;1.000;1.000;1.000;0.000;0.000;0.000;0.000;0.000;0.000;0.000;0.000;0.000;0.000;0.000;0.000
BC;VACH;AV;2012;P;28.03.2012;0;NA;0;PTCO;365.000;60.000;30.000;1.000;1.000;1.000;1.000;1.000;1.000;0.000;0.000;0.000;0.000;0.000;0.000;0.000;0.000;0.000;0.000;0.000;0.000
BC;VACH;AV;2013;P;20.03.2013;0;NA;0;PTCO;365.000;60.000;30.000;1.000;1.000;1.000;1.000;1.000;1.000;0.000;0.000;0.000;0.000;0.000;0.000;0.000;0.000;0.000;0.000;0.000;0.000
BC;VACH;AV;2016;P;08.04.2016;0;NA;0;PTCO;365.000;60.000;30.000;1.000;1.000;1.000;1.000;1.000;1.000;0.000;0.000;0.000;0.000;0.000;0.000;0.000;0.000;0.000;0.000;0.000;0.000
BC;VACH;AV;2016;E;14.07.2016;0;NA;0;PTCO;365.000;60.000;30.000;1.000;1.000;1.000;1.000;1.000;1.000;0.000;0.000;0.000;0.000;0.000;0.000;0.000;0.000;0.000;0.000;0.000;0.000
BC;VILO;AM;2004;E;27.09.2004;1380;1100;9;PTCO;NA;NA;NA;NA;NA;NA;NA;NA;NA;NA;NA;NA;NA;NA;NA;NA;NA;NA;NA;NA;NA
BC;VILO;AM;2005;P;07.04.2005;1380;1100;9;PTCO;NA;NA;NA;NA;NA;NA;NA;NA;NA;NA;NA;NA;NA;NA;NA;NA;NA;NA;NA;NA;NA
BC;VILO;AM;2005;E;14.07.2005;1380;1100;9;PTCO;NA;NA;NA;NA;NA;NA;NA;NA;NA;NA;NA;NA;NA;NA;NA;NA;NA;NA;NA;NA;NA
BC;VILO;AM;2008;P;03.04.2008;1380;1100;9;PTCO;0.000;0.000;0.000;0.000;0.000;0.000;0.000;0.000;0.000;0.000;0.000;0.000;0.000;0.000;0.000;0.000;0.000;0.000;30.000;60.000;365.000
BC;VILO;AM;2008;E;16.07.2008;1380;1100;9;PTCO;0.000;0.000;0.000;0.000;0.000;0.000;0.000;0.000;0.000;0.042;0.000;0.000;1.000;0.000;0.000;0.000;0.000;0.000;30.000;60.000;364.917
BC;VILO;AM;2014;P;17.03.2014;1380;1100;9;PTCO;0.625;0.000;0.000;1.000;0.000;0.000;0.002;0.000;0.000;3.042;0.000;0.000;5.000;0.000;0.000;0.008;0.000;0.000;30.000;60.000;361.333
BC;VILO;AM;2014;E;09.07.2014;1380;1100;9;PTCO;0.625;0.000;0.000;1.000;0.000;0.000;0.002;0.000;0.000;3.042;0.000;0.000;5.000;0.000;0.000;0.008;0.000;0.000;30.000;60.000;361.292
BC;VILO;AM;2016;P;14.04.2016;1380;1100;9;PTCO;0.583;0.000;0.000;1.000;0.000;0.000;0.002;0.000;0.000;1.000;0.000;0.000;3.000;0.000;0.000;0.003;0.000;0.000;30.000;60.000;362.833
BC;VILO;AM;2016;E;14.07.2016;1380;1100;9;PTCO;0.000;0.000;0.000;0.000;0.000;0.000;0.000;0.000;0.000;2.167;2.167;2.167;1.000;1.000;1.000;0.006;0.036;0.072;28.000;58.000;362.958
BC;VILO;AV;2004;E;27.09.2004;1380;1100;9;PTCO;NA;NA;NA;NA;NA;NA;NA;NA;NA;NA;NA;NA;NA;NA;NA;NA;NA;NA;NA;NA;NA
BC;VILO;AV;2005;P;07.04.2005;1380;1100;9;PTCO;NA;NA;NA;NA;NA;NA;NA;NA;NA;NA;NA;NA;NA;NA;NA;NA;NA;NA;NA;NA;NA
BC;VILO;AV;2005;E;14.07.2005;1380;1100;9;PTCO;NA;NA;NA;NA;NA;NA;NA;NA;NA;NA;NA;NA;NA;NA;NA;NA;NA;NA;NA;NA;NA
BC;VILO;AV;2008;P;03.04.2008;1380;1100;9;PTCO;0.000;0.000;0.000;0.000;0.000;0.000;0.000;0.000;0.000;0.000;0.000;0.000;0.000;0.000;0.000;0.000;0.000;0.000;30.000;60.000;365.000
BC;VILO;AV;2008;E;15.07.2008;1380;1100;9;PTCO;0.000;0.000;0.000;0.000;0.000;0.000;0.000;0.000;0.000;0.042;0.000;0.000;1.000;0.000;0.000;0.000;0.000;0.000;30.000;60.000;364.917
BC;VILO;AV;2010;P;15.04.2010;1380;1100;9;PTCO;0.000;0.000;0.000;0.000;0.000;0.000;0.000;0.000;0.000;0.000;0.000;0.000;0.000;0.000;0.000;0.000;0.000;0.000;30.000;60.000;365.000
BC;VILO;AV;2010;E;14.06.2010;1380;1100;9;PTCO;0.000;0.000;0.000;0.000;0.000;0.000;0.000;0.000;0.000;0.000;0.000;0.000;0.000;0.000;0.000;0.000;0.000;0.000;30.000;60.000;365.000
BC;VILO;AV;2012;P;27.03.2012;1380;1100;9;PTCO;0.000;0.000;0.000;0.000;0.000;0.000;0.000;0.000;0.000;0.000;0.000;0.000;0.000;0.000;0.000;0.000;0.000;0.000;30.000;60.000;365.000
BC;VILO;AV;2012;E;09.07.2012;1380;1100;9;PTCO;0.000;0.000;0.000;0.000;0.000;0.000;0.000;0.000;0.000;0.000;0.000;0.000;0.000;0.000;0.000;0.000;0.000;0.000;30.000;60.000;365.000
BC;VILO;AV;2014;P;17.03.2014;1380;1100;9;PTCO;0.625;0.000;0.000;1.000;0.000;0.000;0.002;0.000;0.000;3.042;0.000;0.000;5.000;0.000;0.000;0.008;0.000;0.000;30.000;60.000;361.333
BC;VILO;AV;2014;E;09.07.2014;1380;1100;9;PTCO;0.625;0.000;0.000;1.000;0.000;0.000;0.002;0.000;0.000;3.042;0.000;0.000;5.000;0.000;0.000;0.008;0.000;0.000;30.000;60.000;361.292
BC;VILO;AV;2016;P;14.04.2016;1380;1100;9;PTCO;0.583;0.000;0.000;1.000;0.000;0.000;0.002;0.000;0.000;1.000;0.000;0.000;3.000;0.000;0.000;0.003;0.000;0.000;30.000;60.000;362.833
BC;VILO;AV;2016;E;13.07.2016;1380;1100;9;PTCO;0.000;0.000;0.000;0.000;0.000;0.000;0.000;0.000;0.000;2.167;2.167;2.167;1.000;1.000;1.000;0.006;0.036;0.072;28.000;58.000;362.958
